id,name,minimum_number_of_player,maximum_number_of_player,editor_id, type_of_games_id,logo
31,Stellium,2,4,99,1,
32,Kingdom Run,2,4,99,1,
33,HEIN ? Cinéma & Personnalités,3,17,103,1,
34,HEIN ? Famille & Culture Pop,3,17,103,1,
35,Queendomino,1,4,104,1,
36,Photosynthesis,2,4,104,1,
37,Dr Microbe,0,0,104,1,
38,Kang,0,0,104,1,
39,Oliver Twist,2,4,106,1,
40,Jack & Le Haricot Magique,2,5,106,1,
41,Welcome,1,100,107,1,
49,Bubblee Pop,2,2,109,1,
50,Banquet Royal,2,4,109,1,
51,Gravity Stones,1,4,109,1,
53,Tandem,0,0,110,1,
54,Pas de lézard,0,0,110,1,
55,Nomades,2,5,111,1,
56,Colt Express,2,6,111,1,https://cdn2.philibertnet.com/334664-large_default/colt-express.jpg
57,Carta Imperia Victoria,2,4,111,1,
58,Prochain Jeu Luma,0,0,111,1,
59,Bourpif,2,4,112,1,
60,Pontu,2,4,113,1,
61,Kiwara,2,0,114,1,
63,POC,0,0,116,1,
64,Panic Island !,1,8,117,1,
65,Débrouille-toi !,2,6,119,1,
66,J'aime beaucoup ce que vous dites,2,6,119,1,
67,Comment j'ai adopté un gnou,3,8,119,2,
68,Comment j'ai adopté un dragon,3,8,119,1,
69,Ta Bouche,3,8,119,1,
70,Taggle,3,10,119,1,
71,Taggle d'amour,2,4,119,1,
72,Troquons !,3,9,119,1,
74,Karuba,2,4,123,1,
75,Booum !,2,4,123,4,
76,Iquazù,2,4,123,1,
77,Licornes dans les nuages,2,4,123,4,
78,Rhino Hero Super Battle,2,4,123,4,
79,Kikou le coucou,2,5,123,4,
80,Karuba junior,1,4,123,4,
81,Trésor de glace,2,4,123,4,
83,Dice Forge,2,4,124,1,
84,Attack of the Jelly Monster,3,5,124,1,
85,Cortex Challenge,2,6,125,2,
86,Cortex² Challenge,2,6,125,2,
87,Cortex Challenge KIDS,2,6,125,2,
88,Cortex² Challenge Kids,2,6,125,2,
89,Farmy Up,2,4,126,4,
90,Le jeu du potager,0,0,126,1,
91,Bioviva Junior,2,4,126,1,
92,Défis nature,2,6,126,1,
93,Défis Nature Chrono,2,4,126,1,
95,Mot pour mot,2,16,129,1,
96,Decrypto,3,8,129,1,
97,Chasse aux monstres & Monstrueux,2,4,129,1,
98,Paper Tales,2,5,130,1,https://cdn3.philibertnet.com/552750-large_default/paper-tales-edition-integrale.jpg
99,Twelve heroes,2,0,130,1,
100,Little Big Fish,2,0,132,1,
102,Time Arena,2,4,135,1,
103,Doggy Bag,2,6,135,1,
109,Kimono,2,4,166,1,
110,Chawaï,3,6,166,1,
111,Doodle Islands,0,0,166,1,
113,Trôl,2,5,167,2,
114,Zombie bus,0,0,167,2,
115,Seeders from Sereis - Episode 1 : Exodus,2,4,167,3,
116,Clank ! Trésors engloutis,2,4,168,1,
117,Ex Libris,1,4,168,1,
118,Mission pas possible,1,5,168,1,
119,Codenames,2,8,146,6,
120,Codenames duo,2,0,146,1,
121,King of Tokyo,2,6,146,1,
122,Bunny Kingdom,2,4,146,1,
123,Ademimo,3,6,146,1,
124,TimeBomb,4,8,146,1,https://cdn1.philibertnet.com/362353-large_default/time-bomb.jpg
125,SOS Dino,1,4,228,1,
128,Small Detectives,2,5,160,1,
130,Jeux d'énigmes conçus spécifiquement par Prizonner,0,0,169,1,
131,Imaginarium,2,5,139,1,
132,Cardline Animaux,2,8,100,1,
135,Exploding Kittens,2,5,100,2,
136,Abalone,2,0,100,1,
137,Mixmo,2,6,100,1,
146,Dr Pilule,4,10,141,1,
147,Harald,2,4,163,1,
148,Blackwood,2,4,163,1,
149,Bubblee Pop Level Up (extension Bubblee Pop),2,2,109,1,
150,Comme des rats,2,5,103,1,
151,Feelings,3,8,97,1,
152,Memoaar (si arrivé à Cannes),0,0,97,1,
153,Ilos,2,5,149,1,
154,Grumpf,2,6,149,1,
155,Kamarka,2,4,151,1,
156,Arboria,2,4,151,1,
158,Explorateurs de la mer du Nord,1,4,160,3,
159,Qwarks,2,8,160,1,
160,Loot Island,2,5,160,1,
161,Altiplano,2,5,160,3,
162,Splendor + extension,2,4,165,1,
163,Sherlock Holmes,1,6,165,1,
164,Unlock - 5ème avenue,1,6,165,1,
165,Pelegrinus,0,0,101,3,
166,Guédelon,1,4,101,3,
167,When I Dream,4,8,162,2,
168,Secrets,4,8,162,2,
169,Concept,4,12,162,2,
170,7 Wonders,2,7,162,3,
171,7 Wonders Duel + Pantheon,2,0,162,3,
172,Amun-Re le jeu de carte,2,5,136,3,
173,Tikal,2,4,136,3,
174,Mafiozoo,2,4,136,3,
175,Twin-It,2,6,128,2,
176,Pikto,3,6,128,2,
177,Face de bouc,2,7,128,2,https://cdn1.philibertnet.com/660928-large_default/face-de-bouc.jpg
178,Jetlag,3,8,128,2,
179,Imagine (version xxl),3,8,128,2,
180,Profiler (version xxl),3,8,128,2,
181,Terre Pirates,3,6,172,3,
182,Gunny Town,0,0,172,3,
183,Anti-virus,1,1,164,1,https://cdn2.philibertnet.com/451940-large_default/anti-virus.jpg
184,Archipel des dinosaures,1,0,164,4,
185,Au voleur,1,0,164,4,
186,Cache Cache Jungle,1,0,164,4,
187,Forteresse,1,1,164,4,https://cdn1.philibertnet.com/501391-large_default/forteresse.jpg
188,Pagodes,1,0,164,4,
189,Quadrillon,1,0,164,4,
190,L'Aventurier,1,1,164,1,https://cdn2.philibertnet.com/317962-large_default/l-aventurier.jpg
191,Butterflies,1,0,164,4,
192,Cache-cache Pirates,1,0,164,4,
193,Lièvres et renards,1,1,164,4,https://cdn3.philibertnet.com/501630-large_default/lievres-renards.jpg
194,La Nuit des Fantômes,1,1,164,4,https://cdn1.philibertnet.com/501407-large_default/la-nuit-des-fantomes.jpg
195,Parking Tournis,1,0,164,4,
196,Les Pingouins patineurs,1,0,164,4,
197,Les 3 petits cochons,1,1,164,4,https://cdn3.philibertnet.com/501403-large_default/trois-petits-cochons-deluxe.jpg
198,Bahuts malins,1,0,164,4,https://cdn2.philibertnet.com/315132-large_default/trucky-3-bahuts-malins.jpg
199,Blanche-neige,1,0,164,4,
200,Camelot Jr,1,1,164,4,https://cdn1.philibertnet.com/311037-large_default/camelot-junior.jpg
201,Chateau logique,1,0,164,4,
202,Le Petit Chaperon Rouge,1,1,164,4,https://cdn3.philibertnet.com/501399-large_default/petit-chaperon-rouge-deluxe.jpg
203,Smart Car 5x5,1,0,164,4,
204,IQ-Blox,1,0,164,4,
205,IQ Fit,1,1,164,4,https://cdn3.philibertnet.com/401746-large_default/iq-fit.jpg
206,IQ-Focus,1,0,164,4,
207,IQ Link,1,1,164,1,https://cdn2.philibertnet.com/401707-large_default/iq-link.jpg
208,IQ Puzzler Pro,1,1,164,4,https://cdn3.philibertnet.com/401760-large_default/iq-puzzler-pro.jpg
209,IQ-Twist,1,0,164,4,
210,IQ XOXO,1,0,164,4,
211,Arche de Noé,1,0,164,4,
212,Forêt enchantée,1,0,164,4,
213,Gruyère party,1,0,164,4,
214,Insectes en folie,1,0,164,4,
215,La Marche des Pinguoins,1,0,164,4,
216,La Mare aux canards,1,0,164,4,
217,Le Monde Aquatique,1,0,164,4,
218,Geosmart,1,0,164,4,
219,Dwarfs,2,4,102,1,
220,Kryptos,3,6,102,1,
226,Wendake,1,4,102,3,
227,Lumens,2,4,173,1,
228,Magic Maze + ext Max Secur,1,8,174,1,
229,Magic Maze Kids,2,4,174,4,
230,Viking Gone Wild + Ext,2,4,175,3,
231,Ice Cool,2,4,176,1,
232,Thèbes,2,4,173,1,
233,Limite Limite Limite,3,12,102,1,
234,Limite Limite,3,10,102,1,
235,Watizit,3,8,161,1,
236,Krazy Wordz,3,7,161,1,
237,Paku Paku,0,0,161,1,
238,Loup-garou,8,18,161,1,
240,Chrono-Mots,2,10,138,1,
241,Kontour,3,7,138,1,
242,Yogi,3,10,138,1,
243,Galerapagos (+ extension),3,12,138,2,
244,Katarenga,2,0,138,1,
245,13 Indices,2,6,138,1,
246,Otys,2,4,158,3,
247,L'Auberge Sanglante + Les Forains,1,4,158,3,
248,Poker Dice,2,5,133,1,
249,Folanimo,2,4,133,4,
250,Niwa,2,0,133,4,
251,Animouv,2,4,133,4,
252,Archichato,2,0,133,4,
253,Aventurier du Rail France,2,6,105,1,
254,Aventurier du Rail Europe,2,5,105,1,
255,Les Aventuriers du Rail : Mon Premier Voyage,2,4,105,4,https://cdn2.philibertnet.com/493284-large_default/les-aventuriers-du-rail-europe-mon-premier-voyage.jpg
256,Small World,2,5,105,1,
257,Chimère,2,5,127,1,
258,Flamme rouge,2,4,138,1,
259,Dragons,3,6,153,1,
260,Micropolis,2,6,153,1,
261,Princess Jing,2,0,153,1,
262,Meeple Circus,2,5,153,1,
263,Auztralia ,2,4,177,3,
264,One Deck Dungeon,2,0,177,3,
265,Kikafé?,0,0,104,2,
266,Indian Summer,1,4,118,1,
267,Memoaaar,0,0,118,1,
268,Gare à la toile,2,4,138,4,
269,La chasse aux monstres,1,5,129,4,
270,MonstruYeux,2,6,129,4,
271,Décrocher la lune,2,6,139,1,
272,Welcome to the dungeon,2,4,146,1,
273,Exposition universelle,2,4,168,1,
274,Citadelles 4ème édition,2,8,142,1,
275,Runewars le jeu de figurines,2,0,178,3,
276,Watson and Holmes,2,7,165,1,
277,Nmbr 9,1,4,179,1,
278,We are the word,3,7,180,1,
279,Sushi Go!,2,5,128,2,
280,Jamaïca,2,6,181,1,
281,Fluxx,2,6,142,2,
282,Jaipur,2,0,181,1,
283,Lindisfarne,2,4,163,1,
284,Tag City,2,4,163,1,
285,Jungle Speed,2,10,100,2,
286,Jungle Speed Kids,2,10,100,4,
287,Jungle Speed Skwak,2,10,100,2,
288,Dobble,2,8,100,1,
289,Timeline,2,8,100,1,
290,Perplexus Harry Potter,1,1,100,1,
291,TV Show,3,7,100,1,
293,NagaRaja,2,2,145,1,
294,Gizmos,2,4,142,1,
295,Art of War,0,0,131,1,
296,Stay Cool,3,7,129,1,
297,Débats Débiles,5,10,119,2,
298,Questions de merde,3,6,119,2,
299,Le Petit Poucet,2,5,106,1,
300,Orbis,2,4,165,1,
301,Unlock,1,6,165,1,
302,Solenia,1,4,158,1,
303,Affinity,3,8,127,1,
305,Dice Forge + extension Dice Forge Rebellion,2,4,124,1,
306,Shadow - Amsterdam (mieux à >=6j),2,8,124,1,
308,Escape Book,1,1,193,1,
309,Le Cercle des Enquêteurs,3,6,194,1,
310,Ksar,2,2,195,1,
311,Arkantar,2,2,196,1,
312,Par Odin,1,1,117,1,
313,Shy Monsters,2,2,114,1,
314,Crypt,1,4,114,1,
315,SuperNat contre MaxiBeurk,2,4,126,1,
316,Culot,2,20,190,2,
317,Kids of London,2,5,191,1,
318,Game Over,2,4,191,1,
319,Shabadabada,4,16,191,1,
320,Sonar Family,2,4,153,1,
321,Claim,2,2,153,1,
322,Plouf Party XL,3,6,128,1,
323,Selfie Safari,4,9,128,1,
325,Imagine,3,8,128,1,
326,Le Ciel Interdit,2,5,128,1,
327,La salsa des oeufs,2,4,128,1,
328,Le Monstre des Couleurs,2,5,106,1,
329,Color Addict,2,6,197,2,
330,Big Bug Panic,2,5,197,4,
331,MimiQ Body,2,6,197,4,
332,Jack le Pirate,2,4,197,4,
333,Dosa,1,6,186,1,
334,Gold Armada,2,5,186,1,
335,Eski’Pêche ,2,6,186,1,
336,Les aventuriers de la jungle,2,4,186,4,
337,Cuzco,2,4,136,3,
338,US Telegraph,2,4,136,1,
339,Deckscape,0,0,136,1,
340,Save the Meeple,2,4,107,3,
341,Cortex +,2,6,125,2,
342,Roi et Compagnie,2,5,123,1,
343,Escargot... Prêts ? Partez !,2,4,123,4,
344,Ploufette en mission,2,4,123,1,
345,Le Verger (version XL),1,8,123,4,
346,Hop ! Hop ! Galopons !,2,4,123,4,
347,Théo le Pompier,1,8,123,1,
348,Ma Première Pêche,1,4,123,1,
349,Abella l'Abeille,1,4,123,4,
350,Corinth,2,4,105,1,
351,The River,2,4,105,1,
352,Les Aventuriers du Rail - New-York,2,4,105,1,
353,Red7,2,4,177,1,
354,Forêt des Ombres (ext One Deck Dungeon),1,2,177,3,
355,L'expédition perdue,1,5,177,1,
356,La Traque de l'anneau,2,5,177,3,
357,Sub Terra,1,6,177,3,https://cdn3.philibertnet.com/438850-large_default/sub-terra.jpg
358,Mu,1,5,109,1,
359,Space Gate Odyssey ,2,4,111,3,
360,Démo Escape Game sur tablette,0,0,198,1,
361,Zombie Kidz Evolution,2,4,129,4,
362,Ganymede,2,4,199,1,
363,Greenville 1989,2,6,199,1,
364,Gobi,2,4,146,1,
365,8Bit Box,3,6,146,1,
366,Downforce,2,6,146,1,
367,Pictomania,3,6,146,1,
368,CS files + 1ere extension,4,12,146,1,
369,Monsieur Carrousel,1,6,228,4,
370,Gangster Paradise,3,5,192,1,
371,Drekki (prototype),2,6,192,1,
372,Troll & Dragon,1,4,146,4,
373,Fertility,2,4,130,1,
374,Alerte ! Astéroïdes,1,1,164,4,https://cdn1.philibertnet.com/402492-large_default/alerte-asteroides.jpg
375,Cache Noisettes !,1,1,164,4,https://cdn2.philibertnet.com/402483-large_default/cache-noisette-.jpg
376,La Belle au Bois Dormant,1,1,164,4,
377,Just One,3,7,162,2,
378,Concept Kids Animaux,2,12,162,4,
379,7 Wonders Armada,2,7,162,6,
380,Dany,3,8,206,2,
381,Manhattan,2,4,97,1,
382,L'école des loisirs,0,0,118,1,
383,Speed colors,2,5,207,1,
384,Abra Kazam,3,8,187,2,
385,Cerbère,3,7,149,2,
386,Honga,2,5,123,1,
387,Mountains,2,5,123,1,
388,Slide Quest,1,4,104,1,
389,Beta Bots,2,4,104,1,
390,Sherlock Express,2,6,104,1,
391,Dice Academy,2,6,104,1,
392,King Domino + Age of giants,2,4,104,1,
393,Kuala,1,4,104,1,
394,Mr Wolf,1,4,104,4,
395,Oh my Gold!,2,4,104,4,
396,Boss Quest,0,0,208,2,
397,Clank !,2,4,168,3,
398,Passage secret,2,2,168,3,
399,Clank ! Dans l'espace !,2,4,168,3,
400,FlipShips,1,4,168,1,
401,Gunkimono,2,5,168,1,
402,Le Renard des Bois,2,2,168,1,
403,L'Auberge des Pirates,2,8,168,1,
404,Pandai,2,4,155,1,
405,Chapito,2,4,138,1,
406,Squadro,2,2,138,1,
407,Catham City,2,6,138,1,
408,Cosmic Factory,2,6,138,1,
417,Festo !,2,5,102,1,
418,Little Action,2,4,133,4,https://cdn1.philibertnet.com/458287-large_default/little-action.jpg
419,Savanimo,2,4,133,4,
420,Batasaurus,2,4,133,4,
421,Sardines,2,4,133,4,
422,Batamiaou,2,4,133,4,
423,Wonderzoo,2,4,133,4,
424,Twisty,2,4,133,4,
425,Savana,2,4,133,4,
426,Woolfy,2,4,133,4,https://cdn3.philibertnet.com/455854-large_default/woolfy.jpg
427,Little Collect,2,2,133,4,
428,Between two Castles,3,7,153,3,
429,Wingspan,1,5,153,1,
430,Bahamas,4,8,153,2,
431,Sagrada,2,4,153,3,
432,L'Île au Trésor,2,5,153,1,
433,Draftosaurus,2,5,99,1,
434,Celestia,2,6,135,1,https://cdn2.philibertnet.com/343788-thickbox_default/celestia.jpg
435,Chakra,2,4,135,1,
436,Nemeton,2,4,135,3,
437,Last Heroes,3,5,111,3,
438,Architectura,2,4,210,1,
439,Bad Bones,1,6,174,3,
440,Magic Maze,1,8,174,1,
441,Gravity Superstar,2,6,174,1,
442,Ice Cool2,2,4,176,1,
443,Rumble in the Dungeon,3,6,211,2,
444,Rumble in the House,3,6,211,2,
445,La petite mort,2,4,151,3,
446,Samsara,1,5,212,3,
447,Burgle Bros,1,4,213,3,
448,Fugitive,2,2,213,3,
449,Peanuts Club,3,6,151,1,
450,Architectes des royaumes de l'ouest,1,5,160,3,
451,Palm Island,1,2,177,1,
453,Inflexibles: Normandie,1,2,177,3,
454,Last Bastion,1,4,162,3,
455,Smile Life,2,6,214,2,https://cdn3.philibertnet.com/448513-large_default/smile-life.jpg
456,Robby One,3,10,110,1,
457,Crazy Time,3,10,110,1,
458,Chronicles of Crime,1,4,175,6,
459,La Forêt des Frères Grimm,2,4,175,1,
460,Tiny Towns,1,6,175,1,
461,Paranormal Detectives,2,6,175,1,
462,Jetpack Joyride,1,4,175,1,
463,Deep Blue,2,5,105,1,
464,les Aventuriers du Rail - Japon & Italie,2,5,105,1,
465,Marchands du Nord,2,4,191,1,
467,Phone Bomb,3,6,218,1,
468,Crime Zoom,1,10,218,1,
469,Crime Hotel,3,4,218,1,
470,Fabulia,2,6,207,1,
471,Yokai,2,4,109,1,
472,Conspiracy (Abyss Universe),2,4,139,6,
473,Cap'tain Carcasse,2,4,139,1,
474,Abyss,2,4,139,6,
475,Décrocher la Lune (surdimensionné),2,6,139,1,
476,Soviet kitchen,1,6,131,1,
477,Invictus,2,2,131,1,
479,RRR,2,2,131,1,
480,Flash 8,1,4,129,1,
481,Obscurio,2,8,124,1,
482,Mysterium Park (prototype),0,0,124,1,
485,Ankh'or,2,4,165,1,
486,Caylus 1303,2,5,165,3,
487,Attrape Rêves,2,4,165,4,
488,Yum Yum Island,2,5,165,4,
489,Elastium,2,4,207,1,
490,Klimato,2,5,215,1,
491,Révolution,3,6,215,1,
492,Save the Meeple surdimensionné,2,4,107,3,
493,Welcome 2,1,100,107,1,
494,Sushi Roll,2,5,128,1,
495,Hanabi Grands Feux,2,5,128,1,
496,Portrait Robot,3,6,128,1,
497,Top Ten,4,9,128,1,
498,Crazy Theory,3,6,119,2,
499,Géants stupides (avant-première),0,0,119,2,
500,Kiki va sortir les poubelles,3,8,119,2,
501,I am a banane (avant-première),0,0,119,2,
502,Mes Premières Énigmes : à Table,2,6,126,1,
503,Mes Premières Énigmes : Véhicules,2,6,126,1,
504,Énigmes : Sport,2,6,126,1,
505,Énigmes : Préhistoire,2,6,126,1,
506,Il était une fois… Enigmes - Espace,2,6,126,1,https://cdn3.philibertnet.com/715494-large_default/il-etait-une-fois-enigmes-espace.jpg
507,Défis Nature : Québec,2,6,126,1,
508,Défis Nature : Animaux Inséparables,2,6,126,1,
509,Défis Nature : Animaux Redoutables,2,6,126,1,
510,iKnow,2,6,186,1,
511,Les Papattes,2,4,186,1,
512,Olem,0,0,216,1,
514,Demeter (extension Ganymede),2,4,199,1,
515,Fiesta de los Muertos,4,8,117,2,
516,Kraken Attack,1,4,228,4,
517,Flyin' Goblin,2,4,146,1,
518,Little Town,2,4,146,1,
519,Break the Code,2,4,146,2,
520,Ishtar : Les jardins de Babylone,2,4,146,1,
521,Highrisk,2,4,146,1,
522,Ninja Academy,3,5,146,1,
523,Schotten Totten,2,8,146,1,
524,Hades Trap,2,4,208,2,
525,Monkey Klash,3,5,208,2,
526,Potomac,2,4,133,4,
527,Kipicot,2,4,133,4,
528,Gloutons,2,4,133,4,
529,Cadomino,2,6,133,4,
530,Magic School,1,6,133,4,
531,Mistigriff,2,5,133,4,
532,Hero Town,2,4,133,4,
533,Forest Aventure,2,4,133,4,
534,Dragon Market,2,4,104,1,
535,Pappy Winchester,3,5,104,1,
536,Valentine's Day,3,6,104,1,
537,Villageo,1,1,104,1,
538,Kingdomino Duel,2,2,104,1,
539,Hanamikoji,2,2,146,1,
540,Zoo Run,1,5,228,4,
542,La Vallée des Vikings,2,4,123,4,
543,La Potion des Sorciers,2,4,123,4,
544,Froggie,2,4,123,4,
545,Au Chantier,1,4,123,4,
546,Mon Premier Verger,1,4,123,4,
547,Miyabi,2,4,123,4,
548,Le Club des Moustaches,2,4,123,4,
549,Dés Express,2,6,123,4,
550,Penta-Rush,1,4,123,4,
551,Licornes dans les nuages – Nuages magiques,1,4,123,4,
552,Monza,2,6,123,4,
553,Ligretto,2,4,222,1,https://cdn2.philibertnet.com/389677-large_default/ligretto-vert.jpg
554,Encore,1,6,222,1,
555,Très futé !,1,4,222,1,https://cdn3.philibertnet.com/405200-large_default/tres-fute-.jpg
556,Vraiment très futé !,1,4,222,1,
557,Dizzle,1,4,222,1,
558,Encore et encore,0,0,222,1,
559,Les Tavernes de la Vallée Profonde,2,4,222,1,
560,HiLo,2,6,222,1,
561,L'Arbre à Souris,2,4,222,1,
562,Les Charlatans de Belcastel,2,4,222,1,
563,Black Angel,1,4,158,3,
574,Boomerang Australia,2,4,153,6,
575,Paris New Eden,2,4,153,1,
576,Fish n'Chips,0,0,223,1,
577,Hagakure,3,5,223,1,
578,Alubari,1,5,223,3,
579,Oriflamme,3,5,223,1,
580,Pharaon,1,5,130,3,
581,Wild Space,1,5,130,1,
582,Affinity + extension sensuelle,3,8,127,1,
583,Ma première aventure : Voyage en terre ocre,0,0,127,4,
584,Ma première aventure : La découverte de l'Atlantid,0,0,127,4,
585,Ma première aventure : L'odyssée du Phobos,0,0,127,4,
586,Ma première aventure : en quête du dragon,0,0,127,4,
587,Apocalypse au zoo de Carson City - Les extension d,2,4,116,6,
588,Le bois des Couadsous,2,4,116,4,https://cdn1.philibertnet.com/342471-large_default/le-bois-des-couadsous.jpg
589,Le Bois des Coua2sous,2,4,116,4,
590,[kosmopoli:t],4,8,116,2,https://cdn3.philibertnet.com/464803-large_default/-kosmopoli-t-.jpg
591,Joraku,3,4,177,3,
592,Poule poule,2,8,212,2,
593,Kami,2,4,212,1,
594,Catalyst,2,4,224,6,
595,Dreamscape,1,4,225,1,
596,Loser,3,6,207,1,
597,Magic Maze on Mars,1,6,174,1,
599,Nom d'un Renard!,2,4,226,4,
600,Palm reader,4,10,174,1,
601,Punto,2,8,226,1,
602,Space Bowl,2,8,174,1,
603,TEAM3,3,6,176,1,https://www.espritjeu.com/upload/image/team3-p-image-70771-grande.jpg
604,Underwater Cities,1,4,227,3,
606,Ceylan,2,4,229,6,
607,Monster Rush,2,8,229,2,
608,Candy Lab (avant-première),0,0,229,1,
609,Le Roi Sommeil,2,5,138,4,
610,Roulapik,1,4,207,4,
611,Salade 2 Points,2,6,138,2,
612,Lama,2,6,138,2,
613,Mystery House,1,5,138,1,
614,Quantik,2,2,138,1,
615,Color Addict Apéro,2,6,197,2,
616,Rallyman GT,1,6,230,3,
617,Patchwork,2,2,122,1,
621,Bruxelles 1897,2,4,143,3,
622,Kitchen Rush,1,4,143,1,
623,Cowboy Bebop - Space Serenade,1,4,201,6,
624,Above,2,4,201,6,
625,Yozu,0,0,188,1,
626,Muse,0,0,188,1,
627,Colt Super Express,3,7,111,1,
628,Yggdrasil Chronicles,1,5,111,3,
629,What's Missing ?,3,6,111,1,
630,Deep Sea Adventure,2,6,231,1,
631,Insider,4,8,231,1,
632,Genesia,1,5,136,3,
633,Couleurs de Paris,2,4,136,6,
634,Pour une poignée de Meeples,2,4,136,6,
635,Bärenpark,2,4,122,1,
636,Brass Lancashire,2,4,122,3,
637,Brass Birmingham,2,4,122,3,
638,Welcome to new Las Vegas,1,50,107,1,
639,Drakatak,1,4,200,1,
640,Nightmarium,2,5,200,1,
641,Magnum Opus,2,5,200,3,
642,Chtulhu L'avènement,2,2,200,3,
643,Cuistot Fury,2,9,232,2,
644,Mr Jack London,2,2,145,1,
645,Gold River,2,5,151,1,
646,Monster Café,2,5,151,1,
647,Défis nature : Le Grand Jeu,2,6,126,1,
648,Enigmes : Le Grand Jeu,2,8,126,1,
649,Queenz,2,4,233,1,
650,Nidavellir,2,5,206,3,
652,Detective Club,4,8,235,1,
653,L'Aube des Tribus,2,4,138,6,
654,L'Île de Pan,2,4,151,1,
655,La vallée des marchands : la guilde des commerçant,2,4,200,1,
656,Perplexus,1,1,221,1,
657,Santorini,2,4,221,1,
658,Mia London et l'affaire des 625 fripouilles,2,4,129,4,
659,Via Magica,2,6,145,1,
660,Carcassonne,2,5,179,1,
661,Res Arcana,2,4,236,3,
662,Catan,3,4,237,1,
663,Hadara,2,5,179,1,
664,Pirates under fire,2,2,238,1,
665,Keyforge,2,2,178,6,
666,Fou Fou Fou,3,8,239,1,
667,Villainous,2,6,161,6,
668,Minecraft,2,4,161,1,
669,Château Logique,1,1,164,4,
670,Jour & Nuit,1,1,164,4,
671,Lapin & Magicien,1,1,164,4,
672,Loco Circus,1,1,164,4,
673,Code couleurs,1,1,164,4,https://cdn2.philibertnet.com/486143-large_default/code-couleur.jpg
674,Il était une ferme,1,1,164,4,https://cdn3.philibertnet.com/439885-large_default/il-etait-une-ferme.jpg
675,Jungle Cache-cache,1,1,164,4,
676,Les poules ont la bougeotte,1,1,164,4,
678,Gecko gourmand,1,1,164,4,
679,Barrière de Corail,1,1,164,4,
680,En quête de pépite,1,1,164,4,
681,Fox Terrier,1,1,164,4,
682,L'Odyssée des Grenouilles,2,6,164,4,https://cdn1.philibertnet.com/481477-large_default/l-odyssee-des-grenouilles.jpg
683,Taco Chat Bouc Cheeze Pizza !,2,8,104,2,https://cdn1.philibertnet.com/467798-large_default/taco-chat-bouc-cheese-pizza.jpg
684,Rythme and Boulet Replay (LSF),4,12,128,2,
685,Papillon,2,4,153,1,
686,Color Addict Fruity,2,6,197,1,
688,À la conquête des catacombes,2,4,177,6,
695,Vabanque,3,6,131,1,
696,Dragomino,2,4,104,4,https://cdn1.philibertnet.com/558199-large_default/dragomino.jpg
697,Magic Rabbit,1,4,151,2,
698,Trek 12,1,50,151,1,
699,Mosquito Show,2,2,132,1,
700,OK Cinq,2,4,241,1,
703,Mystic Vale,2,4,225,3,
704,Roméo et Juliette,2,2,225,1,
705,12 Gangster,3,6,104,1,
706,Cupcake Academy,2,4,104,1,
707,L'auberge des Pirates,2,8,155,1,
708,Cryptide,3,5,155,1,
709,Splaf!,2,8,168,1,
710,Onitama,2,2,131,1,
711,Mini Rogue,1,2,177,6,https://cdn3.philibertnet.com/511336-large_default/mini-rogue.jpg
712,300 : la Terre et l'Eau,2,2,177,1,
713,7 Wonders Architect,2,7,162,1,https://cdn3.philibertnet.com/515898-large_default/7-wonders-architects.jpg
714,So Clover!,3,6,162,1,
715,Mascarade,2,13,162,1,
716,Arcimboldo,3,6,109,1,
718,Ricochet,1,10,110,1,
719,Living Forest,2,4,111,6,
721,Zéro à 100,2,10,129,1,
722,Micro Macro : Crime City (bache),1,4,118,1,
723,Le Jeu du Doigt,2,5,151,2,
724,Scène de crime,1,6,186,6,
725,Les Aventures de Robin des Bois,2,4,146,3,
726,Unmatched,2,4,146,3,
727,Get on board: New York & London,2,5,146,1,
728,Gobbit,2,8,117,1,
729,Gasha,2,6,109,1,
730,Animètre,2,5,207,2,
731,Les Gardiens de Havresac,1,4,130,6,
732,The Loop,1,4,130,6,
733,Dexterity Jane,2,6,174,2,
734,Le Petit Fantôme,2,4,252,4,
736,Conquêtes,2,4,102,1,
737,Oucédonc,2,6,252,1,
738,Gutenberg,1,4,253,3,
739,Happy City,2,5,128,1,
740,Twin-It Japan,2,6,128,1,
741,Shabada,4,50,128,1,
742,Sushi Go Party,2,8,128,1,https://cdn2.philibertnet.com/534277-large_default/sushi-go-party.jpg
743,Enigmes Junior - Les animaux,2,4,126,1,
744,Enigmes Junior - La nature,2,4,126,1,
745,Bioviva Planète - Mers et Océans,2,4,126,1,https://cdn2.philibertnet.com/502196-thickbox_default/bioviva-planete-mers-et-oceans.jpg
746,Bioviva Planète - Jungles et Forêts,2,4,126,1,
747,Captains' War,1,6,200,1,
748,Ginkgopolis,1,5,122,1,
749,Spy Connection,2,4,122,1,
750,Welcome to the Moon,1,6,107,1,
751,Kluster,1,4,244,1,https://cdn2.philibertnet.com/458291-large_default/kluster.jpg
752,Dig Your Way Out,2,6,244,6,https://cdn2.philibertnet.com/470892-thickbox_default/dig-your-way-out.jpg
753,Cosmic Race,1,4,228,1,
754,Détective Charlie,1,5,228,1,
755,Last Message,3,8,146,1,
756,Visite Royale,2,2,146,1,
757,Tussie Mussie,2,4,146,1,
758,Spicy,2,6,146,1,
759,Troyes Dice,1,10,158,1,
760,Cartzzle,1,1,116,1,
761,La Marche du Crabe,2,2,116,1,https://cdn2.philibertnet.com/476222-large_default/la-marche-du-crabe.jpg
762,Gorinto,1,4,136,1,
763,Fire & Stone,2,4,136,6,
764,Savannah Park,1,4,136,1,
765,Ratapolis,2,6,200,1,
766,Chop ! Chop !,2,5,133,1,
767,Little Cooperation,2,4,133,4,https://www.ludifolie.com/13347-large_default/little-cooperation.jpg
768,Dictopia,1,7,215,1,https://subverti.com/assets/img/games/dict/dict01-dictx1-box.png?v=1679083296
769,Moustache Gracias,3,4,197,1,
770,Tribal,2,4,197,1,
771,Jacques et le Haricot Magique,1,1,164,1,
772,Le Festin des Chenilles,1,1,164,4,
773,Monstres sous le Lit,1,1,164,4,https://cdn1.philibertnet.com/532822-large_default/monstres-sous-le-lit.jpg
774,Les Pingouins Plongeurs,1,1,164,4,https://cdn2.philibertnet.com/501395-large_default/les-pingouins-plongeurs.jpg
775,Pirates en Vue !,1,1,164,4,https://cdn1.philibertnet.com/500972-large_default/pirates-en-vue-.jpg
776,Pagodes edition du Dragon,1,1,164,4,
777,Les Chiens s'en Mêlent,1,1,164,4,
778,Jumping la Compétition,1,1,164,4,https://cdn1.philibertnet.com/536314-large_default/jumping-la-competition.jpg
779,Gemmes-O-Logique,1,1,164,4,
780,Les Dragons 100 Flammes,2,2,164,4,
781,Cube Duel,1,2,164,4,
782,Surprises dans le Potager,2,4,164,4,
783,IQ Stars,1,1,164,4,https://cdn2.philibertnet.com/501633-large_default/iq-stars.jpg
784,IQ Digits,1,1,164,4,
785,Mes amis sont...,3,11,119,1,
786,Next Station: London,1,4,104,1,https://cdn2.philibertnet.com/532977-large_default/next-station-london.jpg
787,Lost Seas,2,4,104,1,
788,Kingdomino Origins,2,4,104,1,
789,Bubble Stories,1,2,104,1,
790,Heredity,1,4,254,1,https://forum.cwowd.com/uploads/default/optimized/3X/2/a/2a263e6f2895ffaaad7322617fcb525cf0201b45_2_500x500.jpeg
791,Crying Sun,0,0,255,1,
792,Cartaventura,1,6,135,1,
793,Magic Hat,2,4,133,4,
794,Around the world,2,4,133,4,
795,Speed Letters,2,5,119,1,
796,Shit Happens,2,8,144,2,
797,Shit Happens: Galères en Famille,2,8,144,2,
798,Shit Happens: Dead Like Shit,2,8,144,2,
799,Sequence,1,10,144,1,
800,Carcata,2,4,144,1,
801,Picto Rush,3,8,144,1,
802,Hasajo,0,0,144,1,
803,Rainbow Pirates,2,5,144,1,
804,Sheep 7,2,4,144,1,
805,Esquissé,4,8,144,1,
806,Calico,1,4,175,1,
807,Les Petites Bourgades,1,6,175,1,
808,Dix,1,5,175,1,
809,Mandala Stones,2,4,175,1,
810,Push,2,6,161,1,
811,Miam Miaou,2,4,161,1,
812,Jurassic Park,2,5,161,1,
813,Echoes la Danseuse,1,6,161,1,
814,Petits Peuples,2,4,139,3,https://cdn2.philibertnet.com/514631-large_default/petits-peuples.jpg
815,Lueur,2,4,139,6,https://cdn2.philibertnet.com/490388-large_default/lueur.jpg
816,Nicodemus,2,2,139,3,
817,Codex Naturalis,2,4,139,1,https://cdn3.philibertnet.com/601606-large_default/codex-naturalis.jpg
818,Votre Pire Cauchemar,0,0,144,1,
819,Ctrl Global,2,5,212,3,https://okaluda.fr/wp-content/uploads/2020/07/controle-global-Oka-Luda.jpg
820,Aurignac,1,5,212,6,https://www.gigamic.com/files/catalog/products/images/product/oka-luda-aurignac-boite-3d-web.webp
821,PATOU'CHE... à mes moutons !,3,5,212,1,
822,Doudou,1,4,212,1,
823,Phare Andole,1,4,212,1,
824,Roi & Cie - A la Conquête de Nouveaux Territoires,2,4,123,1,
825,The Key - Meurtres au golf d'Oakdale,1,4,123,1,
826,The Key – Sabotages à Lucky Lama Land,1,4,123,1,
827,Moonlight Heroes,2,4,123,4,
828,Hérissons tourbillons,2,4,123,4,
829,Platypus,3,8,153,1,
830,Hidden Leaders,2,6,153,1,
831,Finger Guns,3,8,153,2,
832,Le tournoi de Camelot,3,6,155,1,
833,Village Pillage - A L'Abordage,2,5,155,1,
834,Empedocle,2,5,256,1,
835,Mandalas,2,3,256,6,https://www.poptalks.com/wp-content/uploads/2022/09/Mise-en-page-couverture_Mandalas-1-1-1024x731.png
836,Ray-Z,0,0,256,1,
837,Clinic Rush,1,4,143,1,https://www.espritjeu.com/upload/image/clinic-rush-p-image-75151-grande.jpg
838,Aquarena,2,6,143,1,
839,Pessoa,1,4,143,6,https://cdn3.philibertnet.com/531827-large_default/pessoa.jpg
840,Moon Adventure,2,5,231,1,
841,Insider Black,4,10,231,2,
842,Qu'est-ce que tu veux qu'j'te dise,2,10,258,2,
843,Age of Civilization,1,4,259,1,
844,On Board,2,2,251,1,https://cdn3.philibertnet.com/536765-large_default/on-board.jpg
846,7 - The Sins,2,5,261,6,
847,Number Drop,1,6,208,1,
848,Les 7 familles contre le COVID,2,6,257,2,
849,Les 9 Muses,2,6,256,1,https://www.poptalks.com/wp-content/uploads/2022/09/mockup_muses-1024x683.png
850,Super Fantasy Brawl,2,4,264,6,
851,Loco Momo,1,4,135,1,
852,Docteur Pilule,4,12,144,2,
853,Piks Big Kit,1,10,262,4,
854,Piks Medium Kit,1,10,262,4,
855,Kilim,2,5,245,1,
856,Martial Art,2,4,245,1,
857,L'Ecole de Nicolas Flamel,3,6,245,1,
858,Draw Bot,3,5,245,1,
859,Splito,3,8,135,1,https://cdn3.philibertnet.com/540916-large_default/splito.jpg
860,Rainbow,2,2,159,1,
861,K3,2,4,265,1,https://cdn1.philibertnet.com/516337-large_default/k3.jpg
863,Similo Harry Potter,2,8,138,2,https://www.gigamic.com/files/catalog/products/images/homehightlight/irvrs6s0_large.webp
864,Hilo,2,6,138,2,https://www.gigamic.com/files/catalog/products/images/homehightlight/gigamic_schil_hilo_box-left_web.webp
865,La fin des artichauts,2,4,138,2,https://www.gigamic.com/files/catalog/products/images/product/gigamic_amart_la-fin-des-artichauds_box-left_bd.webp
866,La Clef,1,4,138,1,
867,Frutopia,1,4,138,1,
868,Meuhte,4,10,138,2,
869,Quarto,2,2,138,1,
870,1 2 3 Glisse!,2,4,138,4,
871,La maison des souris,2,6,138,4,
872,Genius Square,1,2,138,1,
873,Pitchout 2,2,10,138,1,
874,Pitchout,2,10,138,1,
875,Oltréé,2,4,223,6,
876,Team Team,2,6,223,2,
877,Almadi,2,5,229,1,
878,Dinner in Paris,2,4,229,1,
879,Into the blue,2,5,229,1,
880,Secret Identity,3,8,229,2,https://cdn3.philibertnet.com/533762-large_default/secret-identity.jpg
881,Totemix,1,6,267,1,https://cdn1.philibertnet.com/567006-large_default/totemix-ulule.jpg
882,Agartha,2,4,193,1,https://cdn2.philibertnet.com/537696-thickbox_default/agartha.jpg
883,Gyojin Fighter Sushido,2,2,193,6,https://cdn2.philibertnet.com/532996-thickbox_default/gyojin-fighter-sushido.jpg
884,Osirium,2,4,193,1,https://cdn2.philibertnet.com/516368-large_default/osirium.jpg
885,Vol de Nuit,2,5,193,1,https://cdn2.philibertnet.com/505464-large_default/vol-de-nuit.jpg
886,Pyramide d'animaux Junior,2,4,123,1,
887,Living Forest + ext Kodama,2,4,111,6,https://cdn1.philibertnet.com/569180-large_default/living-forest-kodama.jpg
888,Colt Express + Convoyeurs,2,6,111,1,https://cdn3.philibertnet.com/554071-large_default/colt-express-convoyeurs-train-blinde.jpg
889,Nimalia,2,4,149,1,https://cdn3.philibertnet.com/571519-large_default/nimalia.jpg
890,Little Secret,3,9,268,1,https://cdn1.philibertnet.com/547730-large_default/little-secret.jpg
891,Caral,2,4,107,1,https://cdn3.philibertnet.com/552607-large_default/caral.jpg
892,Lumen,2,2,151,1,https://cdn2.philibertnet.com/573196-large_default/lumen-le-monde-perdu.jpg
893,District Noir,2,2,269,1,https://cdn2.philibertnet.com/557209-large_default/district-noir.jpg
894,Mimetix,3,12,118,2,https://cdn3.philibertnet.com/447115-large_default/mimetix.jpg
895,La Bête,2,5,270,1,https://cdn2.philibertnet.com/551507-large_default/la-bete.jpg
896,The Lost Code,2,4,243,6,https://cdn2.philibertnet.com/549889-large_default/the-lost-code.jpg
898,La planche des pirates,2,4,132,4,https://www.didacto.com/20478-large_default/la-planche-des-pirates.webp
899,Turing Machine,1,4,129,6,https://cdn3.philibertnet.com/551298-large_default/turing-machine.jpg
900,Flashback Zombie Kids,1,4,129,1,https://cdn3.philibertnet.com/571744-large_default/zombie-kidz-flashback.jpg
901,Clefs magique,2,4,118,4,https://blackrockgames.fr/upload/cache/id:bkEZEkCLSyAAAAAAAARl-gw480h320.jpeg
902,Settlement,1,4,118,6,https://cdn1.philibertnet.com/555375-large_default/settlement.jpg
903,Toupies voyageuses,1,4,187,1,https://cdn2.philibertnet.com/571465-large_default/la-toupie-voyageuse.jpg
904,Orichalque,2,4,130,6,https://cdn1.philibertnet.com/552815-large_default/orichalque.jpg
905,After Us,1,6,130,6,https://cdn2.philibertnet.com/570326-large_default/after-us.jpg
906,À la manière d'Arcimboldo,3,6,109,1,https://cdn1.philibertnet.com/530053-large_default/a-la-maniere-d-arcimboldo.jpg
907,Gamme Logic - Hôtel,1,1,109,1,https://cdn3.philibertnet.com/542778-large_default/gamme-logic-hotel.jpg
908,Gamme Logic - Birds,1,1,109,1,https://cdn3.philibertnet.com/542777-large_default/gamme-logic-birds.jpg
909,That's Not a Hat,3,8,161,1,https://cdn1.philibertnet.com/565875-large_default/that-s-not-a-hat.jpg
910,Mindbug,2,2,146,1,https://cdn1.philibertnet.com/570456-large_default/mindbug.jpg
911,Cheese Master,2,8,146,1,https://iello.fr/wp-content/uploads/2022/12/Cheese-Master_Mockup_FR_Reversed_Light-740x969.jpg
912,Starship Captains,1,4,146,3,https://cdn3.philibertnet.com/567009-large_default/starship-captains.jpg
913,Piège obscur,1,5,146,3,https://cdn1.philibertnet.com/550488-large_default/piege-obscur.jpg
914,L'Année des 5 Empereurs,2,5,127,3,https://www.espritjeu.com/upload/image/l-annee-des-5-empereurs-p-image-82250-grande.jpg
915,Dors Dragon d'Or,2,5,127,1,https://cdn1.philibertnet.com/557501-large_default/dors-dragon-d-or.jpg
916,Le Grand Voyage - Migration d’Automne,2,8,284,1,https://cdn1.philibertnet.com/569410-large_default/le-grand-voyage-migration-dautomne.jpg
917,Le Grand Méchant Monstre,2,0,109,4,https://cdn3.philibertnet.com/570310-large_default/le-gran-mechant-monstre.jpg
918,Mon P'tit Everdell,1,4,153,4,https://cdn3.philibertnet.com/564020-medium_default/mon-p-tit-everdell.jpg
919,Kites,2,6,153,1,https://cdn3.philibertnet.com/571212-large_default/kites.jpg
920,Farm & Furious,2,5,228,4,https://cdn2.philibertnet.com/539570-large_default/farm-furious.jpg
921,Hâpy Families,2,4,228,4,https://cdn2.philibertnet.com/539563-large_default/hapy-families.jpg
922,Les Animaux de Baker Street,1,4,146,1,https://cdn1.philibertnet.com/546400-large_default/les-animaux-de-baker-street.jpg
923,Kamon,2,2,278,1,https://cdn1.philibertnet.com/580676-large_default/kamon.jpg
924,Yoxii,2,2,278,1,https://cdn3.philibertnet.com/580681-large_default/yoxii.jpg
925,Hokito,2,2,278,1,https://cdn2.philibertnet.com/580685-large_default/hokito.jpg
926,Swip'Sheep,3,5,133,4,https://cdn3.philibertnet.com/467923-large_default/swipship.jpg
927,Mysterix,2,5,133,4,https://cdn2.philibertnet.com/501537-large_default/mysterix.jpg
928,Piou Piou,2,5,133,4,https://cdn2.philibertnet.com/455837-large_default/piou-piou.jpg
929,Pin Pon !,2,4,133,4,https://cdn3.philibertnet.com/516358-large_default/pinpon-.jpg
930,Chipe Cocos,2,4,133,4,https://cdn1.philibertnet.com/554362-large_default/chipe-cocos.jpg
931,Pirates Island,2,4,297,4,https://cdn3.philibertnet.com/556068-large_default/pirate-island.jpg
932,Jungle Panic,2,4,133,4,https://cdn2.philibertnet.com/548905-large_default/jungle-panic.jpg
933,Tapikékoi,2,4,133,4,https://cdn1.philibertnet.com/480818-large_default/tapikekoi.jpg
934,Constellations,2,4,133,4,https://cdn2.philibertnet.com/561823-large_default/constellations.jpg
935,Pentanimo,1,1,133,1,https://cdn1.philibertnet.com/552196-large_default/pentamino.jpg
936,Cubissimo,1,1,133,4,https://cdn1.philibertnet.com/458016-large_default/cubissimo.jpg
937,Pagan: Le Destin de Roanoke,2,2,136,3,https://cdn2.philibertnet.com/548779-large_default/pagan-le-destin-de-roanoke.jpg
938,Doggerland,1,4,136,3,https://www.le-passe-temps.com/35993-medium_default/doggerland.jpg
939,Expéditions autour du Monde,1,6,136,1,https://www.festivaldesjeux-cannes.com/media/2023/01/835d413f-fa94-4453-b06e-016c63f6da09.png
940,Caldera Park,1,4,136,6,https://cdn3.philibertnet.com/570009-large_default/caldera-park.jpg
941,Astra,2,5,136,6,https://cdn3.philibertnet.com/566913-large_default/astra.jpg
942,Paradice,2,4,299,1,https://cdn2.philibertnet.com/560949-large_default/paradice.jpg
943,Lovecraft,1,2,299,3,https://cdn1.philibertnet.com/568900-large_default/aventure-z-vol1-lovecraft.jpg
944,Smart 10,2,8,300,1,https://cdn1.philibertnet.com/553119-large_default/smart-10.jpg
945,Pentago,2,2,301,1,https://cdn1.philibertnet.com/549316-large_default/pentago-mecanic.jpg
946,Happy Bee,3,6,265,1,https://www.espritjeu.com/upload/image/happy-bee-p-image-84867-grande.jpg
947,Fun Facts,4,8,162,2,https://cdn3.philibertnet.com/552222-large_default/fun-facts.jpg
948,7 Wonders (ext. Edifice),3,7,162,6,https://cdn1.philibertnet.com/568132-large_default/7-wonders-nouvelle-edition-edifice.jpg
949,Heat,1,6,105,1,https://cdn1.philibertnet.com/548640-large_default/heat.jpg
950,Splendor Duel,2,2,165,1,https://cdn1.philibertnet.com/551503-large_default/splendor-duel.jpg
951,Dixit,3,8,124,1,https://www.libellud.com/wp-content/uploads/2021/12/caroussel-boite-dixit-mobile-1.png
953,Stella - Dixit Universe,3,6,124,1,https://www.libellud.com/wp-content/uploads/2022/03/STELLA_box_R_FR_72dpi.png
954,Biotopes,1,5,275,6,https://www.le-passe-temps.com/36054-medium_default/biotopes.jpg
955,Fauna,2,6,102,1,https://www.atalia-jeux.com/2840-large_default/fauna.jpg
956,Duos,2,6,253,1,https://www.atalia-jeux.com/img/cms/2023-01%20nvt%C3%A9s/duos.png
957,Aetherya,1,4,272,1,https://nostromo-editions.com/wp-content/uploads/2021/04/Cover.jpg
958,East India Companies,2,4,102,6,https://www.atalia-jeux.com/2938-large_default/eic-east-india-companies.jpg
959,OùCéDonc en France ?,2,6,102,1,https://www.atalia-jeux.com/2504-large_default/oucedonc-en-france.jpg
960,OùCéDonc en Europe ?,2,6,102,1,https://www.atalia-jeux.com/2864-large_default/ouc%C3%A9donc-en-europe.jpg
961,Ensemble,2,10,102,2,https://www.atalia-jeux.com/2839-large_default/ensemble.jpg
962,Overbooking,2,4,302,1,https://www.atalia-jeux.com/2823-large_default/overbooking.jpg
963,Shogun No Katana,1,4,303,3,https://www.atalia-jeux.com/2548-large_default/shogun-no-katana.jpg
964,Federation,2,4,238,3,https://explor8.com/wp-content/uploads/2021/08/Kickstarter_Couv.png
965,Colorado,2,4,225,1,https://i0.wp.com/sylex-edition.fr/wp-content/uploads/2022/12/Colorado.png?resize=300%2C300&ssl=1
966,Akropolis,2,4,138,1,https://cdn2.philibertnet.com/571750-large_default/akropolis.jpg
967,La Colline aux Feux Follets,1,4,138,4,https://cdn2.philibertnet.com/545216-large_default/la-colline-aux-feux-follets.jpg
968,Revelio,3,6,138,1,https://cdn3.philibertnet.com/566051-large_default/revelio.jpg
969,Qawale,3,2,138,1,https://cdn3.philibertnet.com/555256-large_default/qawale.jpg
970,Fish Fish,2,8,138,1,https://cdn2.trictrac.net/documents/formats/thumb_300_300/documents/originals/4d/2a/68a1ab7bfc4142c694fe158253c5a30c84e5.jpeg
971,Phantom Ink,4,8,138,2,https://cdn1.philibertnet.com/571573-large_default/phantom-ink.jpg
972,Triqueta,2,5,138,1,https://cdn1.philibertnet.com/571438-large_default/triqueta.jpg
973,Evergreen,1,4,138,1,https://cdn2.philibertnet.com/568893-large_default/evergreen.jpg
974,Cosy Casa,2,4,138,1,https://cdn2.philibertnet.com/566834-large_default/cosy-casa.jpg
975,Sur le Fil,2,4,138,4,https://cdn2.philibertnet.com/566830-large_default/sur-le-fil.jpg
976,6 Qui Prend Junior,2,5,138,4,https://cdn3.trictrac.net/documents/formats/thumb_300_300/documents/originals/ce/7b/e6ca12525d708743ebae9a594aea14184bcb.jpeg
977,Critical - Sanctuaire Saison 1,2,5,138,1,https://cdn2.philibertnet.com/569689-large_default/critical-sanctuaire-saison-1.jpg
978,Critical - Fondation Saison 1,2,5,138,1,https://cdn3.philibertnet.com/533428-large_default/critical-fondation-saison-1.jpg
979,[Kosmopoli:t] - Deuxième Service,4,8,116,2,https://cdn2.philibertnet.com/556687-large_default/-kosmopoli-t-deuxieme-service.jpg
980,Apocalypse au zoo de Carson City,2,4,116,1,https://cdn3.philibertnet.com/381516-large_default/apocalypse-au-zoo-de-carson-city.jpg
981,Cartzzle - La Nuit Etoilée,1,2,116,1,https://cdn3.philibertnet.com/552145-large_default/cartzzle-la-nuit-etoilee.jpg
982,Cartzzle - Labyrinthe : Champs Dessus Dessous,1,2,116,1,https://cdn3.philibertnet.com/552147-large_default/cartzzle-labyrinthe-champs-dessus-dessous.jpg
983,Cartzzle - Foules,1,2,116,1,https://cdn1.philibertnet.com/552143-large_default/cartzzle-foules.jpg
984,Mille Fiori,2,4,222,1,https://cdn1.philibertnet.com/531472-large_default/mille-fiori.jpg
985,Le Grand Prix de Belcastel,2,4,222,1,https://cdn3.philibertnet.com/537606-large_default/le-grand-prix-de-belcastel.jpg
986,Funfair,2,4,175,1,https://cdn3.philibertnet.com/542598-large_default/funfair.jpg
987,Flamecraft,1,5,175,1,https://cdn1.philibertnet.com/555165-large_default/flamecraft.jpg
988,Suburbia,1,4,175,1,https://cdn2.philibertnet.com/543568-large_default/suburbia.jpg
989,Block and Key,1,4,175,1,https://cdn1.philibertnet.com/550750-large_default/block-and-key.jpg
990,Le Roi des 12,2,4,175,1,https://cdn1.philibertnet.com/498757-large_default/le-roi-des-12.jpg
991,Earth,1,5,175,3,https://cdn3.philibertnet.com/564233-large_default/earth.jpg
992,Bagarre !,3,6,304,2,https://benjaminroucayrol.com/wp-content/uploads/2020/11/Software_Box_Mockup_1-600x420.png
993,Randognon,1,6,304,1,https://benjaminroucayrol.com/wp-content/uploads/2021/05/Randognon-boite-300x244.png
994,Zoo-en-Boîte,1,1,164,4,https://cdn3.philibertnet.com/559691-large_default/zoo-en-boite.jpg
995,Safari Photo,1,1,164,4,https://cdn3.philibertnet.com/574077-large_default/safari-photo.jpg
996,Chats Tournent en Rond,1,1,164,1,https://cdn1.philibertnet.com/574073-large_default/chats-tournent-en-rond.jpg
997,Parc'Ours en Forêt,1,1,164,1,https://d32bxxnq6qs937.cloudfront.net/sites/default/files/SmartGames_SG-531_Grizzly-Gears_product-packaging_6cc1d1.jpg
998,La Cité d'Or,1,1,164,1,https://d32bxxnq6qs937.cloudfront.net/sites/default/files/SmartGames_SG-098_Treasure-Island_product-packaging_847a3e.jpg
999,IQ Circuit,1,1,164,1,https://d32bxxnq6qs937.cloudfront.net/sites/default/files/SmartGames_IQ-467_IQ-Circuit_product-packaging_9567e9.jpg
1000,IQ Six Pro,1,1,164,1,https://d32bxxnq6qs937.cloudfront.net/sites/default/files/SmartGames_SG-479_IQ-Six-Pro_product-packaging_97f9cc%20%281%29_3.jpg
1001,IQ Love,1,1,164,1,https://d32bxxnq6qs937.cloudfront.net/sites/default/files/SmartGames_SG-302_IQ-Love_product-packaging_2af93d_5.jpg
1002,IQ Stixx,1,1,164,1,https://cdn2.philibertnet.com/545989-large_default/iq-stixx.jpg
1003,Lex Go! Harry Potter,2,4,271,1,https://cdn3.philibertnet.com/484347-large_default/lexicon-go-harry-potter.jpg
1004,Lex Go! Disney,2,4,271,1,https://cdn.shopify.com/s/files/1/0620/9254/2115/products/21849.jpg?v=1664671957&width=823
1005,Top Trumps Battle Mat Harry Potter,2,6,271,1,https://www.winningmoves.fr/wp-content/uploads/5036905044592_1-300x300.jpg
1006,Top Trumps Battle Mat Miraculous,2,6,271,1,https://cdn1.philibertnet.com/482259-large_default/top-trumps-miraculous.jpg
1007,Le Jeu des Cochons,2,10,271,1,https://cdn1.philibertnet.com/421635-large_default/jeu-de-cochon-big-pigs.jpg
1008,Narcopolis,2,5,298,1,https://openworldeditions.com/wp-content/uploads/2020/02/narco-1.jpg
1009,Ethérium,3,6,267,6,https://www.crapaudceleste.com/images/etherium/ethreium_petit.jpg
1010,Trio,3,6,128,1,https://www.cocktailgames.com/wp-content/uploads/2022/11/Trio_3D.png
1011,Happy City - Grozilla,2,5,128,1,https://cdn3.philibertnet.com/567017-large_default/happy-city-grozilla.jpg
1012,Super Mega Lucky Box,1,6,128,2,https://cdn1.philibertnet.com/552782-large_default/super-mega-lucky-box.jpg
1013,Maudit Mot Dit,3,6,128,2,https://cdn1.philibertnet.com/542983-large_default/maudit-mot-dit.jpg
1014,Mimtoo Pop Culture,4,10,128,2,https://cdn1.philibertnet.com/553641-large_default/mimtoo-pop-culture.jpg
1015,Inflexibles : Afrique du Nord,2,2,177,3,https://cdn3.philibertnet.com/555436-large_default/inflexibles-afrique-du-nord.jpg
1016,Not Alone,2,7,143,6,https://cdn2.philibertnet.com/360099-thickbox_default/not-alone.jpg
1017,Sub Terra 2,1,6,177,1,https://cdn1.philibertnet.com/569290-large_default/sub-terra-ii.jpg
1021,Voyageurs du Tigre du Sud,1,4,160,3,https://www.ludifolie.com/34366-large_default/voyageurs-du-tigre-du-sud.jpg
1023,Rauha,2,5,206,1,https://www.grrre-games.com/wp-content/uploads/2022/10/GG012_boite_3D_droite.png
1025,Durian,2,7,231,1,https://www.pixiegames.fr/3784-large_default/durian.jpg
1026,Scout,2,5,231,1,https://cdn2.philibertnet.com/533273-thickbox_default/scout.jpg
1028,3 Chouettes Mots,4,10,241,2,https://cdn3.philibertnet.com/554971-thickbox_default/3-chouettes-mots.jpg
1029,Lotta Rome,2,5,207,1,https://blackrockgames.fr/upload/cache/id:bkEZEkCLSyAAAAAAAARmSQw480h320.jpeg
1030,Affamés,1,4,283,4,https://cdn2.philibertnet.com/574252-large_default/grands-jeux-affames.jpg
1031,Le Prince des Ours,2,4,283,4,https://cdn3.philibertnet.com/564757-large_default/le-prince-des-ours.jpg
1032,A Tâtons !,1,4,283,4,https://www.auzou.fr/5592-pdt_540/a-tatons-.jpg
1033,Coral,1,4,213,1,https://cdn3.philibertnet.com/565838-thickbox_default/coral.jpg
1034,Safari Splash!,2,5,213,4,https://2tomatoesgames.com/681-thickbox_default/safari-splash.jpg
1035,Alien - Le Destin du Nostromo,1,5,161,1,https://cdn.ravensburger.de/images/produktseiten/1024/27346.jpg
1036,El Dorado,2,4,161,6,https://cdn2.philibertnet.com/573470-thickbox_default/la-course-vers-el-dorado.jpg
1037,Fire Tower,2,4,310,6,https://cdn2.philibertnet.com/527484-thickbox_default/fire-tower.jpg
1038,Triomino Conquest,2,4,144,1,
1039,Séquence,1,10,144,1,https://cdn3.philibertnet.com/508714-large_default/sequence.jpg
1040,Unicorns,2,5,193,1,https://cdn1.philibertnet.com/554302-thickbox_default/unicorns.jpg
1041,Crime Bet,3,5,193,1,https://www.festivaldesjeux-cannes.com/media/2023/01/ea682302-9e0c-478d-83a6-9bce85d9dac4.jpg
1042,Tracks,1,6,239,1,https://cf.geekdo-images.com/ZyNBXiy4RX-8iNYAor4fBA__itemrep/img/ZCcSUMbDUdQI9mk5CcvS-aq1AEQ=/fit-in/246x300/filters:strip_icc()/pic7079332.png
1043,Ice,1,5,305,6,https://thiswayeditions.com/wp-content/uploads/2021/10/Ice-cover-square-800.png
1044,Founders,3,6,305,6,https://thiswayeditions.com/wp-content/uploads/2022/07/FOUNDERS-box.png
1045,Biomos,2,4,215,1,https://subverti.com/assets/img/games/biom/biomos-thumbnail.webp
1046,Puzzlegend - Robinson,1,2,104,1,https://blueorangegames.eu/wp-content/uploads/2023/03/Puzzlegend-Robinson-3DBox.jpg
1047,Puzzlegend - Merlin,1,2,104,1,https://blueorangegames.eu/wp-content/uploads/2023/03/Puzzlegend-Merlin-3DBox.jpg
1048,Puzzlegend - Sherlock Holmes,1,2,104,1,https://blueorangegames.eu/wp-content/uploads/2023/03/Puzzlegend-Sherlock-3DBox.jpg
1049,Erune,1,5,248,1,https://boutique.lepalaisdemidgard.fr/wp-content/uploads/2022/01/erune.jpg.webp
1050,Spark Riders 3000,1,4,248,1,https://cdn1.philibertnet.com/616419-large_default/spark-riders-3000-edition-commander.jpg
1051,Empédocle Kyklo,2,5,256,1,https://www.poptalks.com/wp-content/uploads/2022/11/annonce_sortie_empedocle_kyklo_v3.png
1052,Wuxing Duel,2,2,256,1,https://www.poptalks.com/wp-content/uploads/2023/03/tuiles_wuxing_duel_pour_site_web_v1-1024x686.png
1053,Tribunal 1920,2,2,280,1,http://ghostdoggames.com/wp-content/uploads/2022/04/TRIBUNAL1920_BOX3D_Left.png
1054,Rainbow 7,2,5,280,1,http://ghostdoggames.com/wp-content/uploads/2022/04/RAINBOW7_BOX3D_Right-1.jpg
1055,Myriades,1,5,280,1,https://cf.geekdo-images.com/NGDfEBSfp_uAoFimf8VvtA__itemrep/img/gEsv0me7oeUg0JmN7A2SCC6tBXs=/fit-in/246x300/filters:strip_icc()/pic7332889.jpg
1056,Boussanga,1,4,212,1,https://www.gigamic.com/files/catalog/products/images/product/oka-luda-boussanga-boite-3d-web.webp
1058,Suricate,2,4,212,1,https://okaluda.fr/wp-content/uploads/2023/04/vue-boite-droite.png
1059,Yuan,0,0,212,1,
1060,Fish & Cheat,4,10,138,2,https://www.gigamic.com/files/catalog/products/images/product/gigamic_fish-and-cheat_left_11-2022.webp
1062,Bernard,3,18,138,2,https://www.gigamic.com/files/catalog/products/images/product/gigamic_jber_3760345040013_bernard_box-left_bd.webp
1063,Le Poing sur la table,3,8,229,2,https://www.gigamic.com/files/catalog/products/images/product/gigamic_fupoi_le-poing-sur-la-table_box_left_bd.webp
1064,Hiroba,2,4,229,2,https://www.gigamic.com/files/catalog/products/images/product/hiroba_fr_left_web.webp
1065,Rainforest,3,6,229,1,https://www.gigamic.com/files/catalog/products/images/product/gigamic_furai_rainforest_box-left.webp
1066,The Crown,3,8,309,2,https://pbs.twimg.com/media/Fp1ZleJXoAMI9N5.jpg
1067,Vaalbara,2,5,223,1,https://cdn1.philibertnet.com/555258-large_default/vaalbara.jpg
1068,Vivarium,2,4,223,1,https://www.gigamic.com/files/catalog/products/images/product/gigamic_stviv_vivarium_box-left_3616450014879_bd.webp
1069,Maître Renard,2,4,223,4,https://cdn1.philibertnet.com/429119-large_default/maitre-renard.jpg
1070,AracKhan Wars,2,4,311,6,https://cf.geekdo-images.com/mi3ZaJ8kIHiTdDzHuJBcew__itemrep/img/x2g_c0JDKTtohqEWItxE0SDbAb4=/fit-in/246x300/filters:strip_icc()/pic6203741.jpg
1071,Aïe Aïe Burrito,2,6,312,2,https://cdn1.philibertnet.com/484301-large_default/throw-throw-burrito.jpg
1072,Aïe Aïe Avocat,2,6,312,2,https://cdn1.philibertnet.com/570343-large_default/aie-aie-avocat.jpg
1073,Mantis,2,6,312,2,https://cdn2.philibertnet.com/571461-large_default/mantis.jpg
1074,Branle-Bas de Wombat,3,6,312,2,https://cdn3.philibertnet.com/571414-thickbox_default/branle-bas-de-wombat.jpg
1075,Jooky Jooky,2,5,313,1,https://cdn3.philibertnet.com/572151-large_default/jooky-jooky.jpg
1076,Mow,2,10,316,1,https://cdn2.philibertnet.com/554899-large_default/mow-boite-a-meuh-.jpg
1077,Challengers,1,8,317,1,https://cdn2.philibertnet.com/571745-large_default/challengers.jpg
1078,Chronicles of avel,1,4,318,1,https://cdn3.philibertnet.com/554827-large_default/chronicles-of-avel.jpg
1079,Gardiens des saisons,2,4,319,1,https://cdn3.philibertnet.com/570347-large_default/gardiens-des-saisons.jpg
1080,Attrape-Monstres,1,4,319,4,https://cdn3.philibertnet.com/518953-large_default/attrape-monstres.jpg
1081,Skull,3,6,165,1,https://cdn1.philibertnet.com/235191-large_default/skull-silver.jpg
1082,sonic super teams,2,4,320,1,https://cdn3.philibertnet.com/547672-large_default/sonic-super-teams.jpg
1083,dobble connect,2,8,320,1,https://cdn1.philibertnet.com/570384-large_default/dobble-connect.jpg
1084,Chromino,1,8,100,1,https://cdn2.philibertnet.com/322655-large_default/chromino-.jpg
1085,Tokaido duo,2,2,122,1,https://cdn2.philibertnet.com/552577-large_default/tokaido-duo.jpg
1086,Look at the stars,2,8,139,1,https://cdn1.philibertnet.com/552795-large_default/look-at-the-stars.jpg
1087,Sea salt and paper,2,4,139,1,https://cdn2.philibertnet.com/552792-large_default/sea-salt-paper.jpg
1088,Dice Throne S2- Tacticien vs Chasseresse,2,2,175,1,https://y8t6p8a4.map2.ssl.hwcdn.net/shop-products/July2022/Dice_Throne2_2_3Dbox_FR_lowres.png
1089,Dice Throne S2- As de la gâchette vs Samouraï,2,2,175,1,https://y8t6p8a4.map2.ssl.hwcdn.net/shop-products/July2022/Dice_Throne2_1_3Dbox_FR_lowres.png
1090,Buurn,3,5,201,2,https://cdn2.philibertnet.com/572208-thickbox_default/buurn.jpg
1091,Let’s Summon Demons,2,5,201,2,https://cdn2.philibertnet.com/555734-thickbox_default/lets-summon-demons.jpg
1092,Ça Suffit !,4,8,201,2,https://cdn2.philibertnet.com/537659-thickbox_default/ca-suffit-.jpg
1093,Hunch !,3,6,201,2,https://cdn3.philibertnet.com/571348-thickbox_default/hunch-.jpg
1094,Tisseurs de Rêves,2,4,201,4,https://cdn3.philibertnet.com/571364-thickbox_default/tisseurs-de-reves.jpg
1095,Namiji,2,5,122,1,https://cdn1.philibertnet.com/552535-thickbox_default/namiji.jpg
1096,A la Folie !,2,6,126,4,https://www.bioviva.com/3176-large_default/a-la-folie.jpg
1097,Time Collector,2,4,321,1,https://cdn3.philibertnet.com/570340-large_default/time-collectors.jpg
1098,TTMC 2: Tu Te Re-Mets Combien?,2,10,219,2,https://www.tutemetscombien.fr/wp-content/uploads/2022/07/PIXIEGAMES_TTMC2_FACE-small-300x300.png
1099,Feu de camp,2,6,153,2,https://matagot-friends.com/france/5649-home_default/tinderblox-fr.jpg
1100,Space Aztecs,2,5,151,1,https://blackrockgames.fr/upload/cache/id:83psEngxwqAAAAAAAAAzzww480h320.jpeg
1101,Legacy of the crown,1,6,322,7,https://www.legacyofthecrown.com/images/title.webp
1102,Match Super Mario,2,2,271,4,https://www.winningmoves.fr/wp-content/uploads/2022/05/3700126905964_1.jpg
1103,Match Animal Crossing,2,2,271,4,https://www.winningmoves.fr/wp-content/uploads/2022/05/5036905044950_1.png
1104,Match Mickey et ses amis,2,2,271,4,https://www.winningmoves.fr/wp-content/uploads/2022/05/5036905048170_1.png
1105,Match Harry Potter,2,2,271,4,https://www.winningmoves.fr/wp-content/uploads/2022/05/5036905038034_1.png
1106,Top Trumps Battle Mat Dragon Ball Super,2,2,271,1,https://www.winningmoves.fr/wp-content/uploads/2021/07/5036905040730_2.png
1107,Top Trumps One Piece,2,6,271,4,https://www.winningmoves.fr/wp-content/uploads/2022/07/FR_CaseVisual_OnePiece_2022_TTStnd_1200x1200.jpg
1108,Top Trumps Naruto Shippuden,2,6,271,4,https://www.winningmoves.fr/wp-content/uploads/5036905039727_1.png
1109,Top Trumps Star Wars The Mandalorian,2,6,271,4,https://www.winningmoves.fr/wp-content/uploads/5036905046930_1.png
1110,Top Trumps Marvel Cinematic Universe,2,6,271,4,https://www.winningmoves.fr/wp-content/uploads/2022/05/5036905039284_1.png
1112,DGT Pegasus,2,2,323,5,https://cdn1.philibertnet.com/535990-thickbox_default/echiquier-dgt-pegasus.jpg
1113,Oxono,2,2,278,1,https://cdn3.philibertnet.com/612100-large_default/oxono.jpg
1114,Les 7 Mers,1,5,324,1,https://www.festivaldesjeux-cannes.com/media/2024/01/b2435a11-24f1-421b-add1-89ebd2686e21.png
1115,Kluster Duo,1,2,244,1,https://cdn3.philibertnet.com/603522-large_default/kluster-duo.jpg
1116,La Guerre de l'Anneau : Le Jeu de Cartes,2,4,177,3,https://cdn1.philibertnet.com/576173-thickbox_default/la-guerre-de-l-anneau-le-jeu-de-cartes.jpg
1117,Palm Laboratory,1,1,177,1,https://cdn3.philibertnet.com/612097-large_default/palm-laboratory.jpg
1118,The Hunt,2,2,177,1,https://latelierdesjeux.com/cdn/shop/products/jeu-the-hunt-198097_700x700.webp?v=1708360143
1119,Cocofors,2,4,325,1,https://linclusif.fr/wp-content/uploads/2023/05/Linclusif-Cocofor-Packagin-1.jpg
1120,Cheval,2,5,304,1,https://cdn1.philibertnet.com/607813-large_default/cheval.jpg
1121,Sosisson,2,8,304,2,https://cdn1.philibertnet.com/608000-large_default/sosisson.jpg
1122,Speech,3,12,128,2,https://www.cocktailgames.com/wp-content/uploads/2016/03/Speech_3D_droite-1.jpg
1123,Bomb Busters,2,5,128,1,https://www.festivaldujeu-montpellier.org/wp-content/uploads/2025/04/bomb_busters.png
1124,Draky,2,6,330,4,https://www.parkage.com/files/img/products/jeux_de_societe/def/d/draky.jpg?timestamp=20250204233938
1125,Kauri,2,4,208,6,https://cdn3.philibertnet.com/588382-thickbox_default/kauri.jpg
1126,Bonne Presse,3,6,208,2,https://cdn2.philibertnet.com/588408-thickbox_default/bonne-presse.jpg
1127,Le Clan des Souris,2,5,208,4,https://cdn2.philibertnet.com/588387-thickbox_default/le-clan-des-souris.jpg
1128,Wormholes,1,5,243,6,https://www.ludistri.fr/images/wormholes-94508-image-1.png
1129,Jekyll vs Hyde,2,2,233,6,https://cdn1.philibertnet.com/497667-thickbox_default/jekyll-vs-hyde.jpg
1130,The Vale of Eternity,2,4,233,3,https://cdn1.philibertnet.com/593646-thickbox_default/the-vale-of-eternity.jpg
1131,Now!,3,8,129,1,https://www.scorpionmasque.com/sites/scorpionmasque.com/files/styles/portfolio/public/now_packshot_3d_fr.png?itok=VOuQZbiu
1132,Alzuhra,3,5,329,1,https://www.ludo-lamarelle.fr/wp-content/uploads/2023/09/Alzuhra2-300x300.jpg
1133,Traitres à Bord,3,8,331,2,https://cdn1.philibertnet.com/618761-large_default/traitres-a-bord.jpg
1134,Quickshot,2,7,109,1,https://bankiiiz.com/wordpress/wp-content/uploads/2023/09/QuickShot_Boite_eclate-722x1024.png
1135,Evil Corp.,2,4,149,6,https://cdn2.philibertnet.com/588827-large_default/evil-corp.jpg
1136,Crack List,2,8,333,2,https://cdn2.philibertnet.com/554144-large_default/crack-list.jpg
1137,ArcheOlogic,1,4,111,1,https://cdn2.philibertnet.com/585176-large_default/archeologic.jpg
1138,Boreal,2,2,269,1,https://cdn2.philibertnet.com/611067-large_default/boreal.jpg
1139,Mojo,3,8,132,2,https://cdn3.philibertnet.com/588484-large_default/mojo.jpg
1140,Solstis,2,2,151,1,https://cdn1.philibertnet.com/610921-large_default/solstis.jpg
1141,Onix,2,6,107,1,https://www.espritjeu.com/upload/image/onix-p-image-92811-grande.jpg
1142,Mycelia,1,4,161,1,https://cdn3.philibertnet.com/586074-large_default/mycelia.jpg
1143,Le Seigneur des Anneaux - Jeu Livre d'Aventure,1,4,161,1,https://cdn2.philibertnet.com/586053-large_default/le-seigneur-des-anneaux-jeu-livre-d-aventure.jpg
1144,123 Faufile toi,2,2,161,4,https://www.festivaldesjeux-cannes.com/media/2023/12/860fd5e0-8437-4f86-897b-1c8ecf79fd13.jpg
1145,Kronologic - Paris 1920,1,4,155,6,https://cdn3.philibertnet.com/611422-large_default/kronologic-paris-1920.jpg
1146,World Wonders,1,5,136,6,https://cdn2.philibertnet.com/605431-large_default/world-wonders.jpg
1147,Premier de Cordée,2,2,283,4,https://cdn1.philibertnet.com/615212-large_default/premier-de-cordee.jpg
1148,Arkade,2,2,283,1,https://cdn3.philibertnet.com/612289-large_default/arkade.jpg
1149,Ouisti'Plouf,2,4,283,4,https://cdn1.philibertnet.com/613489-large_default/ouisti-plouf.jpg
1150,Papa Fourmi,1,5,283,4,https://cdn1.philibertnet.com/501794-large_default/mon-premier-jeu-de-papa-fourmi.jpg
1151,Gare au Monstre,2,5,283,4,https://cdn3.philibertnet.com/541111-large_default/mon-premier-jeu-de-gare-au-monstre.jpg
1152,Animo Mondo,2,6,133,1,https://cdn3.philibertnet.com/578393-large_default/animo-mondo.jpg
1153,Ducky Ducky,2,4,133,4,https://cdn3.philibertnet.com/600853-large_default/ducky-ducky.jpg
1154,Woodanimo,1,1,133,1,https://cdn3.philibertnet.com/595759-large_default/woodanimo-sologic.jpg
1155,Zizanimal,1,1,133,4,https://cdn2.philibertnet.com/613056-large_default/zizanimal-sologic.jpg
1156,Fish'n Shark,2,4,133,1,https://cdn1.philibertnet.com/597409-large_default/fish-n-shark.jpg
1157,Little mémo : Garden,2,4,133,4,https://cdn3.philibertnet.com/597414-large_default/jeux-des-tout-petits-little-memo-garden.jpg
1158,Rock Band,2,4,133,4,https://cdn1.philibertnet.com/582347-large_default/rock-band.jpg
1159,Hotelogic,1,1,133,1,https://cdn1.philibertnet.com/595909-large_default/hotelogic-sologic.jpg
1160,Similix,2,5,133,4,https://cdn3.philibertnet.com/582445-large_default/similix.jpg
1161,Jungle Taquin,2,2,133,4,https://cdn1.philibertnet.com/602161-large_default/jungle-taquin.jpg
1162,Archilogic,1,1,133,4,https://www.lapouleapois.fr/88198-medium_default/archilogic-sologic-djeco.jpg
1163,Crazy Faces,1,1,133,4,https://cdn1.philibertnet.com/597407-large_default/crazy-faces-sologic.jpg
1164,Motu,1,5,280,1,https://cdn2.philibertnet.com/591093-large_default/motu.jpg
1165,RIP,2,5,116,1,https://cdn2.philibertnet.com/586296-large_default/rip.jpg
1166,Naéco,2,4,116,1,https://www.jeux-opla.fr/wp-content/uploads/OPLA-NAECO-img300x-avril.png
1167,Kintsugi,2,4,275,1,https://cdn1.philibertnet.com/607261-large_default/kintsugi.jpg
1169,BLOT,2,5,275,6,https://www.palladisgames.fr/wp-content/uploads/2024/02/com-2.png
1170,Odin,2,6,265,1,https://cdn2.philibertnet.com/730541-large_default/odin.jpg
1171,Countries,2,12,345,1,https://cdn3.philibertnet.com/609044-large_default/countries-le-jeu.jpg
1172,Chocolates,2,4,346,1,https://cdnphotos.fastmag.fr/photos/55/100x100/6718/_/1/photo.jpg
1173,Ruses et Trahisons,3,6,346,1,https://cdn1.philibertnet.com/588507-large_default/ruses-trahisons.jpg
1174,Stigméria,1,2,347,1,https://cdn2.philibertnet.com/603407-large_default/stigmeria.jpg
1175,Linx,2,4,153,1,https://matagot-friends.com/france/img/cms/-%20PRODUIT%20-/LINX/LIN_BOX-3D.jpg
1176,Ahoy,2,4,153,3,https://cdn3.philibertnet.com/615124-large_default/ahoy.jpg
1177,Neotopia,2,4,153,1,https://cdn1.philibertnet.com/594820-large_default/neotopia.jpg
1178,Boba Life,2,4,339,1,https://www.neoludis.com/wp-content/uploads/2023/12/JDPMSK002-600x600.jpg
1179,Festi Vibes,2,4,339,1,https://cdn1.philibertnet.com/615684-large_default/festi-vibes.jpg
1180,Les Musiciens de Brême,2,4,102,1,https://www.espritjeu.com/upload/image/les-musiciens-de-breme-p-image-91771-grande.jpg
1181,Circles,2,5,102,1,https://www.atalia-jeux.com/3622-large_default/circles.jpg
1182,A La Louche,2,30,102,1,https://www.atalia-jeux.com/3612-large_default/%C3%A0-la-louche.jpg
1183,Kids Express,1,4,111,1,https://cdn1.philibertnet.com/607316-large_default/kids-express.jpg
1184,The Last Doge,2,5,201,1,https://cdn1.philibertnet.com/615866-large_default/the-last-doge.jpg
1185,Unboxed,1,4,201,1,https://cdn2.philibertnet.com/611539-large_default/unboxed.jpg
1186,DC Batman : Streets of Gotham City,2,5,201,1,https://cdn3.philibertnet.com/606100-large_default/dc-comics-jeu-de-deck-building-streets-of-gotham-city.jpg
1187,Sacrifice 666,2,6,201,1,https://cdn1.philibertnet.com/611211-large_default/sacrifice-666.jpg
1188,Médium,2,4,201,1,https://www.dontpanicgames.com/wp-content/uploads/2024/02/medium_shop-300x300.jpg
1189,Penny Dreadfuls,1,5,201,1,https://cdn1.philibertnet.com/612758-large_default/penny-dreadfuls-du-londres-victorien.jpg
1190,Brigands,2,6,334,1,https://cdn1.philibertnet.com/551919-large_default/brigands.jpg
1191,Dino Picnic,2,4,126,4,https://cdn3.philibertnet.com/588813-large_default/dino-picnic.jpg
1192,Défi Nature : Protection le TCG,0,0,126,1,
1193,Volto,2,2,104,1,https://cdn1.philibertnet.com/599213-large_default/volto.jpg
1194,Taco Verso Bouc Cheese Pizza,2,8,104,1,https://cdn1.philibertnet.com/547573-large_default/taco-verso-bouc-cheese-pizza.jpg
1196,Bruxelles 1893 - Belle Epoque,2,5,143,3,https://cdn3.philibertnet.com/589460-large_default/bruxelles-1893-belle-epoque.jpg
1198,Bangkok,1,4,337,1,https://cdn2.philibertnet.com/531442-large_default/bangkok.jpg
1199,Kezao,1,4,337,1,https://cdn2.philibertnet.com/481394-large_default/kezao.jpg
1200,12 Chip Trick,2,4,233,1,https://cdn1.philibertnet.com/610433-large_default/12-chip-trick.jpg
1201,Jour de Pêche,2,4,348,1,https://cdn1.philibertnet.com/595772-large_default/jour-de-peche.jpg
1202,L'Ombre du Kraken,5,10,146,2,https://cdn2.philibertnet.com/613847-large_default/l-ombre-du-kraken-edition-essentielle.jpg
1203,La Forêt de Savernake,2,4,146,1,https://cdn2.philibertnet.com/613814-large_default/la-foret-de-savernake.jpg
1204,Sync or Swim,3,6,146,1,https://cdn3.philibertnet.com/606297-large_default/sync-or-swim.jpg
1205,Balloon Pop,2,4,146,1,https://cdn3.philibertnet.com/609216-large_default/balloon-pop.jpg
1206,Mino Dice,2,6,146,1,https://cdn3.philibertnet.com/594661-large_default/mino-dice.jpg
1207,The Crew : Mission Sous-Marine,3,5,146,1,https://cdn3.philibertnet.com/495745-large_default/the-crew-mission-sous-marine.jpg
1208,Cache Cache Loustic,2,6,228,4,https://cdn1.philibertnet.com/606559-large_default/cache-cache-loustic.jpg
1209,Fluffy Valley,1,4,228,4,https://cdn3.philibertnet.com/588352-large_default/fluffy-valley.jpg
1210,Courtisans,2,5,130,2,https://m.media-amazon.com/images/I/712V6cV4ADL.jpg
1211,Dracula vs Van Helsing,2,2,233,1,https://cdn3.philibertnet.com/594064-thickbox_default/dracula-vs-van-helsing.jpg
1212,Story Box - Aventures,2,8,103,2,https://cdn1.philibertnet.com/616133-large_default/story-box-aventures.jpg
1213,Story Box - Rêves et Cauchemars,2,7,103,2,https://cdn2.philibertnet.com/616121-large_default/story-box-reves-et-cauchemars.jpg
1214,Lucky Numbers Deluxe,1,5,103,1,https://cdn3.philibertnet.com/587387-large_default/lucky-numbers-deluxe.jpg
1215,Atlantis Rising,1,7,175,6,https://cdn3.philibertnet.com/607800-large_default/atlantis-rising.jpg
1216,C'est du Gateau,1,4,175,1,https://cdn2.philibertnet.com/584300-large_default/c-est-du-gateau.jpg
1217,Empire's End,2,4,175,1,https://www.espritjeu.com/upload/image/empire-s-end-p-image-88809-grande.jpg
1218,Castles of Mad King Ludwig,1,4,175,6,https://www.espritjeu.com/upload/image/castles-of-mad-king-ludwig-p-image-89281-grande.jpg
1219,Bröwl,2,5,160,1,https://cdn2.philibertnet.com/614837-large_default/browl.jpg
1220,Order Overload: Cafe,2,6,231,1,https://cdn2.philibertnet.com/616670-large_default/order-overload-cafe.jpg
1221,Whale To Look,2,5,231,1,https://cdn3.philibertnet.com/614783-large_default/whale-to-look.jpg
1222,Terraforming Mars: Expédition Arès,1,4,148,6,https://cdn2.philibertnet.com/578397-large_default/terraforming-mars-expedition-ares.jpg
1223,Spirit Island,1,4,148,3,https://cdn1.philibertnet.com/607528-large_default/spirit-island.jpg
1224,Black Rose Wars : Renaissance,1,4,148,3,https://cdn3.philibertnet.com/589842-large_default/black-rose-wars-renaissance-boite-de-base.jpg
1225,Onirim,1,2,336,1,https://cdn3.philibertnet.com/550007-large_default/onirim.jpg
1226,Cyberion,1,2,336,1,https://cdn3.philibertnet.com/590509-large_default/cyberion.jpg
1230,Rolling Dead,3,6,350,2,https://ludovox-fr.exactdn.com/wp-content/uploads/2024/02/rolling-dead.02jpg-115x300.jpg?strip=all&lossy=1&ssl=1
1231,Little Tavern,3,5,162,1,https://cdn1.philibertnet.com/605841-large_default/little-tavern.jpg
1232,Pikit,2,4,162,1,https://cdn1.philibertnet.com/612782-large_default/pikit.jpg
1233,7 Wonders : Architects - Medals,2,7,162,1,https://cdn3.philibertnet.com/606148-large_default/7-wonders-architects-medals.jpg
1234,Heat - Heavy Rain,1,7,105,1,https://cdn2.philibertnet.com/608768-large_default/heat-heavy-rain.jpg
1235,Marabunta,2,2,165,1,https://cdn2.philibertnet.com/610777-large_default/marabunta-roll-divide.jpg
1236,Harmonies,1,4,124,1,https://cdn3.philibertnet.com/612813-large_default/harmonies.jpg
1237,Challengers Beach Cup,1,8,332,1,https://cdn2.philibertnet.com/589318-large_default/challengers-beach-cup.jpg
1238,Côté Mode,1,1,164,4,https://cdn3.philibertnet.com/590355-large_default/cote-mode.jpg
1239,Sur un Arbre Posés...,1,1,164,4,https://cdn3.philibertnet.com/615725-large_default/sur-un-arbre-poses.jpg
1241,Corgi Chien Agile,1,1,164,1,https://cdn3.philibertnet.com/615662-large_default/corgi-chien-agile.jpg
1242,Château Formes,1,1,164,1,https://cdn2.philibertnet.com/595088-large_default/tower-stacks.jpg
1244,IQ Gears,1,1,164,1,https://cdn3.philibertnet.com/615954-large_default/iq-gears.jpg
1245,Power City Arena,2,4,344,1,https://thetaworld.fr/wp-content/uploads/2024/01/PCA_Box.png
1246,Cubirds,2,5,130,1,https://cdn3.philibertnet.com/403132-large_default/cubirds.jpg
1247,Faraway,2,6,130,1,https://cdn3.philibertnet.com/614490-large_default/faraway-boite-orange.jpg
1248,Mind Up !,3,6,130,1,https://cdn3.philibertnet.com/576148-large_default/mind-up-.jpg
1249,Paper Tales: Edition Intégrale,1,7,130,1,https://cdn2.philibertnet.com/552750-large_default/paper-tales-edition-integrale.jpg
1250,Sobek - 2 Joueurs,2,2,130,1,https://cdn3.philibertnet.com/504024-large_default/sobek.jpg
1251,Défis Nature - Trop Mignon,2,6,126,1,https://cdn1.philibertnet.com/611143-large_default/defis-nature-trop-mignon.jpg
1252,Défis Nature - Sports,2,6,126,1,https://cdn2.philibertnet.com/611141-large_default/defis-nature-sports.jpg
1253,Défis Nature - Monde des Coraux,2,6,126,1,https://cdn3.philibertnet.com/611139-large_default/defis-nature-monde-des-coraux.jpg
1254,Aqua,1,4,351,1,https://cdn1.philibertnet.com/606403-large_default/aqua-le-jeu-de-la-biodiversite-marine.jpg
1255,Borderland,2,2,352,1,https://kanare-abstract.com/cdn/shop/products/borderland1.jpg?v=1665382092&width=600
1257,Bounty Hunters (Star Wars),2,6,100,1,https://cdn3.philibertnet.com/610604-large_default/star-wars-bounty-hunters.jpg
1258,Coffee Rush,2,4,353,1,https://cdn2.philibertnet.com/607867-large_default/coffee-rush.jpg
1259,Flowers,1,4,354,1,https://cdn3.philibertnet.com/612650-large_default/flowers.jpg
1260,Les Toits de Paris,2,4,239,1,https://cdn3.philibertnet.com/573858-large_default/les-toits-de-paris.jpg
1261,Forêt Mixte,2,5,355,1,https://cdn2.philibertnet.com/588248-large_default/foret-mixte.jpg
1262,Here to Slay,2,6,356,1,https://cdn3.philibertnet.com/557148-large_default/here-to-slay.jpg
1263,Knarr,2,4,139,1,https://cdn2.philibertnet.com/581418-large_default/knarr.jpg
1264,MLEM : Space Agency,2,5,318,1,https://cdn1.philibertnet.com/603615-large_default/mlem-space-agency.jpg
1266,Pixies,2,5,139,1,https://cdn3.philibertnet.com/608772-large_default/pixies.jpg
1267,Rallyman Dirt,1,6,230,1,https://shop.asmodee.fr/product/image/medium/synrad01fr_box3d_20210416.png
1269,Sea Salt and Paper - Extra Salt,2,4,139,1,https://cdn3.philibertnet.com/589576-large_default/sea-salt-paper-extra-salt.jpg
1270,Star Wars Unlimited,2,2,178,1,https://cdn3.philibertnet.com/601111-large_default/star-wars-unlimited-etincelle-de-rebellion-kit-de-demarrage-2-joueurs.jpg
1271,Word Traveler,2,5,358,1,https://www.ludum.fr/20643-large_default/word-traveler.jpg
1272,Humanity,2,4,139,3,https://cdn3.philibertnet.com/588826-large_default/humanity.jpg
1273,Elawa,2,4,139,1,https://cdn3.philibertnet.com/579029-large_default/elawa.jpg
1274,Rêvelune,3,6,135,1,https://cdn1.philibertnet.com/614750-large_default/revelune.jpg
1275,Olympikos,2,7,359,1,https://www.bcd-jeux.fr/53392-pdt_771/olympikos-ds4-games.jpg
1276,Duel sur Board Game Arena,0,0,360,1,https://ludovox-fr.exactdn.com/wp-content/uploads/2016/07/UP-Board-game-arena-BGA-Ludovox-Jeu-de-soci--t--.png
1277,Ma vie de Renard,2,5,284,1,https://cdn3.philibertnet.com/597578-large_default/ma-vie-de-renard.jpg
1278,Mosquitos,2,5,284,1,https://cdn1.philibertnet.com/673195-large_default/mosquitos-zizanie-dans-la-mare.jpg
1279,KolpA !,2,6,222,1,https://cdn3.philibertnet.com/614899-large_default/kolpa-.jpg
1280,Névaches,2,4,222,1,https://cdn3.philibertnet.com/615592-large_default/nevaches.jpg
1281,Luminos,2,4,222,1,https://cdn1.philibertnet.com/615819-large_default/luminos.jpg
1282,Middle Ages,2,5,223,6,https://www.espritjeu.com/upload/image/middle-ages-p-image-92493-grande.jpg
1283,Ratjack,2,4,223,1,https://www.espritjeu.com/upload/image/ratjack-p-image-92609-grande.jpg
1285,Treetopia,2,4,229,1,https://www.espritjeu.com/upload/image/treetopia-p-image-92526-grande.jpg
1286,L'Enclume,2,12,341,1,https://cdn1.philibertnet.com/580300-large_default/l-enclume.jpg
1287,Sous scellés,1,5,362,1,https://cdn2.philibertnet.com/588428-large_default/63-ames.jpg
1288,Marrakech,2,4,138,1,https://www.gigamic.com/2386-large_default/marrakech.jpg
1289,Vers l'infini mais pas au-delà,2,8,241,2,https://www.gigamic.com/2254-large_default/vers-l-infini-mais-pas-au-dela.jpg
1290,Syllabus,2,4,138,4,https://www.gigamic.com/2462-large_default/syllabus.jpg
1291,Nicole,3,12,363,2,https://www.gigamic.com/2863-large_default/nicole.jpg
1292,Carapate,2,4,138,4,https://www.gigamic.com/2952-large_default/carapate.jpg
1293,Plouf Canard,1,4,138,4,https://www.gigamic.com/2914-large_default/plouf-canard.jpg
1294,Point City,1,4,364,1,https://www.gigamic.com/2807-large_default/point-city.jpg
1295,Dorfromantik,1,6,365,1,https://www.gigamic.com/2391-large_default/dorfromantik-le-jeu-de-societe.jpg
1296,Bonsaï,1,4,224,1,https://www.gigamic.com/2607-large_default/bonsai.jpg
1297,Looot,2,4,138,1,https://www.gigamic.com/2926-large_default/looot.jpg
1298,Exposition Cartzzle Interactive,0,0,116,1,https://www.jeux-festival.com/wp-content/uploads/2023/06/Cartzzle.png
1299,Ludothèque - Espace jeu rétro ,0,0,366,1,
1300,Carré Histoire,0,0,367,1,
1301,Dreamcatcher,2,4,256,1,https://www.festivaldujeu-montpellier.org/wp-content/uploads/2017/03/cropped-Logo_carre.png
1302,Cranes,2,4,256,1,
1303,Sahwari,1,4,349,6,https://cdn2.philibertnet.com/589541-large_default/sahwari.jpg
1304,Pokemon - Jeu de cartes à collectionner,2,2,328,1,https://tcg.pokemon.com/assets/img/global/logos/fr-fr/tcg-logo.png
1305,Espace associations,0,0,306,1,
1306,Espace jeux classiques,0,0,306,1,
1307,Captain Flip,2,5,326,1,https://cdn2.philibertnet.com/608787-large_default/captain-flip.jpg
1308,Espace Associations,0,0,306,1,
1309,Espaces Auteurs et Autrices en herbe,0,0,306,1,
1310,Logic Garden,1,1,133,4,https://cdn1.philibertnet.com/582331-large_default/logic-garden.jpg
1311,14 Minutes,1,4,335,1,http://www.badboomgames.com/wp-content/uploads/2023/11/Avant-boite.jpg
1312,Medieval Academy,1,5,107,1,https://bluecocker.com/wp-content/uploads/2023/07/MA_image_mise_en_avt_site_petit-1.png
1313,Apex,2,6,244,6,https://www.ludifolie.com/51309-large_default/apex.jpg
1314,Horticolor,2,4,284,1,https://www.festivaldujeu-montpellier.org/wp-content/uploads/2025/04/horticolor.png
1315,POP,2,4,339,1,https://musokashop.com/cdn/shop/files/POP---MUSOKA-GAMES---3D_2.png?v=1729586565&width=823
1316,Candy Spiders Leopards,2,5,339,1,https://cdn1.philibertnet.com/685437-large_default/candy-spiders-leopards.jpg
1317,Sifflard,3,6,248,2,https://cdn1.philibertnet.com/690449-large_default/sifflard.jpg
1318,Legends of the Seas,0,0,248,1,https://www.festivaldujeu-montpellier.org/wp-content/uploads/2017/03/cropped-Logo_carre.png
1319,Album,2,6,97,1,https://cdn1.philibertnet.com/639938-large_default/album.jpg
1320,Artic,2,4,111,1,https://www.ludonaute.fr/wp-content/uploads/2024/04/FR_3D_Arctic_Top_left.png
1321,Living Forest Duel,2,2,111,1,https://www.ludonaute.fr/wp-content/uploads/2024/08/FR_3D_LFDuel_Top_left.png
1322,R.A.V.E.L.,1,1,336,1,https://cf.geekdo-images.com/J4F7YyweApKa7P_S_ghXfw__itemrep/img/2mv5mNI9ZkToe03YvzgcTA6AAKU=/fit-in/246x300/filters:strip_icc()/pic8380887.jpg
1323,Last Minute,1,5,336,1,https://cf.geekdo-images.com/-MeN2L0xUcoh8QBUs69IHg__itemrep/img/uuLlWh4joJDszlJU3ObF97EH0fk=/fit-in/246x300/filters:strip_icc()/pic8380881.jpg
1324,Panda Spin,2,5,153,1,https://cdn3.philibertnet.com/678719-large_default/panda-spin.jpg
1325,Astérix et Compagnie,2,4,153,1,https://cdn1.philibertnet.com/680413-large_default/asterix-et-compagnie.jpg
1326,Little Select,2,4,133,4,https://cdn1.philibertnet.com/676743-large_default/little-select.jpg
1327,Dinoroll,2,4,133,4,https://cdn1.philibertnet.com/684232-large_default/dinoroll.jpg
1328,Space Crystal,2,4,133,4,https://cdn1.philibertnet.com/691752-large_default/space-crystal.jpg
1329,Pyramid Monkey,2,4,133,4,https://cdn3.philibertnet.com/676825-large_default/pyramid-monkey.jpg
1330,Wolf Panic,2,5,133,4,https://cdn2.philibertnet.com/654258-large_default/wolf-panic.jpg
1331,Myster animo,2,5,133,4,https://cdn2.philibertnet.com/654255-large_default/myster-animo.jpg
1332,Space Orbit Sologic,1,1,133,4,https://cdn1.philibertnet.com/672748-large_default/space-orbit-sologic.jpg
1333,OctoPush - Sologic,1,1,133,4,https://cdn3.philibertnet.com/678099-large_default/octopush-sologic.jpg
1334,Path Path Logic - Sologic,1,1,133,4,https://cdn1.philibertnet.com/654212-large_default/path-path-logic-sologic.jpg
1335,Bloc Inca - Sologic,1,2,133,1,https://cdn1.philibertnet.com/672753-large_default/bloc-inca-sologic.jpg
1336,Diluvium,1,4,177,6,https://cdn2.philibertnet.com/636131-large_default/diluvium.jpg
1337,La Guerre de l'Anneau : Extension Contre l'Ombre,1,2,177,3,https://cdn3.philibertnet.com/644965-large_default/la-guerre-de-l-anneau-le-jeu-de-cartes-extension-contre-l-ombre.jpg
1338,Oh Mon Dieu !,2,6,370,2,https://www.festivaldujeu-montpellier.org/wp-content/uploads/2025/04/PXL_20250410_130600099.RAW-01.COVER_-scaled.jpg
1339,Bouh le Loup,1,4,283,4,https://cdn1.philibertnet.com/501649-large_default/bouh-le-loup.jpg
1340,Flip 7,2,10,130,1,https://cdn2.philibertnet.com/662303-large_default/flip-7.jpg
1341,Gatsby,2,2,130,1,https://cdn3.philibertnet.com/704969-large_default/gatsby.jpg
1342,Château Combo,2,5,130,1,https://cdn3.philibertnet.com/639932-large_default/chateau-combo.jpg
1343,L'Oracle Babet,1,5,304,1,https://cdn2.philibertnet.com/591899-large_default/l-oracle-babet.jpg
1344,Ni Plus Ni Moins,3,99,150,2,https://www.espritjeu.com/upload/image/ni-plus-ni-moins-p-image-93550-grande.jpg
1345,Les Dominos Pour Tous,2,4,372,5,https://accessijeux.com/wp-content/uploads/ACJ-FOND-boite-Domino-1200X1200.jpg
1346,Mission Planète Rouge,2,6,153,6,https://www.espritjeu.com/upload/image/misson-planete-rouge-2nd-edition-p-image-99825-grande.jpg
1347,Sky Team,2,2,129,1,https://cdn1.philibertnet.com/655385-large_default/sky-team.jpg
1348,Sky Team - Extension Turbulence,2,2,129,1,https://cdn2.philibertnet.com/685101-large_default/sky-team-extension-turbulences.jpg
1349,L'Ile aux Mookies,2,2,129,4,https://www.espritjeu.com/upload/image/l-ile-des-mookies-p-image-100218-grande.jpg
1350,Présages,4,6,269,1,https://cdn2.philibertnet.com/728848-large_default/presages.jpg
1351,Mythic Arena,2,2,206,1,https://www.espritjeu.com/upload/image/mythic-arena-p-image-98168-grande.jpg
1352,Blanc Manger Coco Junior 2 : La Poule Mouillée,3,10,375,1,https://cdn3.philibertnet.com/524790-large_default/blanc-manger-coco-junior-2-la-poule-mouillee.jpg
1353,Danger,3,5,149,1,https://www.espritjeu.com/upload/image/danger-p-image-99860-grande.jpg
1354,Ekko,2,8,132,2,https://cdn1.philibertnet.com/669952-large_default/ekko.jpg
1355,Cachamot,3,8,109,2,https://cdn1.philibertnet.com/705641-large_default/cachamot.jpg
1356,Crack Story,2,99,333,2,https://www.espritjeu.com/upload/image/crack-story-p-image-101467-grande.jpg
1357,Mime Master,2,20,368,2,https://www.espritjeu.com/upload/image/mime-master-p-image-101109-grande.jpg
1358,Lacuna,2,2,331,1,https://www.espritjeu.com/upload/image/lacuna-p-image-99872-grande.jpg
1359,Tulip,2,6,376,1,https://www.espritjeu.com/upload/image/tulip-p-image-100206-grande.jpg
1360,Opération Zèbre,2,12,377,2,https://www.ludum.fr/29254-large_default/operation-zebre.jpg
1361,MicroMacro Kids,1,4,379,4,https://www.jeunpousse.ch/wp-content/uploads/2025/01/IMG_0232-768x768.png
1362,Top Cap,2,2,378,1,https://cdn3.philibertnet.com/673528-large_default/top-cap.jpg
1363,Double Seven,2,4,103,1,https://cdn1.philibertnet.com/715914-large_default/double-seven.jpg
1364,Lucky Numbers,1,4,103,1,https://cdn3.philibertnet.com/478847-large_default/lucky-numbers.jpg
1365,Story Box - Polar,2,8,103,2,https://cdn2.philibertnet.com/670159-large_default/story-box-polar.jpg
1366,Mega Jackpot,2,4,103,2,https://cdn1.philibertnet.com/633323-large_default/mega-jackpot.jpg
1367,Kado,2,5,151,1,https://cdn3.philibertnet.com/673212-large_default/kado.jpg
1368,Paper World,2,4,151,1,https://cdn2.philibertnet.com/720591-large_default/paper-world.jpg
1369,Boule Rouge,2,6,213,1,https://www.400coups.ch/images/thumbnails/239/239/detailed/113/boulerouge_1.jpg
1370,Hibachi : Fired Up !,2,4,153,1,https://cdn3.philibertnet.com/707319-large_default/hibachi-fired-up-.jpg
1371,Split Stories,2,4,385,1,https://splitstories.com/statics/img/covers/split-stories-cover-levasion.jpg
1372,Black Sheep Laboratory,5,14,382,2,https://cdn.sumup.store/shops/24205972/settings/th2048/c52089ba-3643-47b9-aacf-77526811d89f.jpeg
1373,Tower Up,2,4,154,1,https://cdn3.philibertnet.com/657483-large_default/tower-up.jpg
1374,Poki le jeu,2,2,381,1,https://pokilejeu.fr/5-large_default/test.jpg
1375,Super Booster,2,6,393,1,https://www.festivaldujeu-montpellier.org/wp-content/uploads/2025/04/Super_Booster.jpeg
1376,Babylon,2,4,143,1,https://cdn3.philibertnet.com/666787-large_default/babylon.jpg
1377,Sierra,1,8,135,1,https://cdn2.philibertnet.com/645496-large_default/sierra.jpg
1378,Connecto,1,10,135,1,https://cdn3.philibertnet.com/521913-large_default/connecto.jpg
1379,Ptit Pois,2,6,135,1,https://cdn2.philibertnet.com/720580-large_default/ptit-pois.jpg
1380,Dro Polter,2,5,231,1,https://cdn1.philibertnet.com/650919-large_default/dro-polter.jpg
1381,TTMC - Bonne Bouffe avec Marmiton,2,10,160,2,https://cdn1.philibertnet.com/657800-large_default/ttmc-tu-te-mets-combien-bonne-bouffe.jpg
1382,Neko Syndicate,1,4,160,1,https://www.ludum.fr/30575-large_default/neko-syndicate.jpg
1383,Celestia XL,2,6,135,1,https://cdn1.philibertnet.com/690458-large_default/celestia.jpg
1384,Flow,1,6,176,1,https://cdn2.philibertnet.com/692873-large_default/flow.jpg
1385,Cobra Paw,2,6,159,2,https://www.espritjeu.com/upload/image/cobra-paw-p-image-94253-grande.jpg
1386,Opération Noisettes XL,1,4,283,4,https://cdn2.philibertnet.com/730543-large_default/operation-noisettes.jpg
1387,Oh My Pigeons !,2,5,161,1,https://cdn3.philibertnet.com/685104-large_default/oh-my-pigeons-.jpg
1389,L'Art de la Boursicocotte,3,5,161,1,https://cdn1.philibertnet.com/717510-large_default/l-art-de-la-boursicocotte.jpg
1390,Roule Gribouille à la Ferme,1,4,161,4,https://www.espritjeu.com/upload/image/roule-gribouille-a-la-ferme-p-image-101585-grande.jpg
1391,Lorcana - Prélude,2,2,161,1,https://cdn2.philibertnet.com/636729-large_default/lorcana-prelude.jpg
1392,Lorcana - La Quête des Illumineurs,1,2,161,1,https://cdn1.philibertnet.com/619446-large_default/lorcana-la-quete-des-illumineurs-menace-des-profondeurs-le-retour-d-ursula.jpg
1393,Lorcana 7ème Chapitre - Deck de Démarrage Iago et ,2,2,161,1,https://www.play-in.com/img/product/l/lot-des-2-decks-lile-darchazia-lorcana-fr.webp
1394,Donjon : Les Apprentis Gardiens,2,4,225,1,https://www.espritjeu.com/upload/image/donjon---les-apprentis-gardiens-p-image-95082-grande.jpg
1395,Navoria,2,4,225,1,https://cdn3.philibertnet.com/674359-large_default/navoria.jpg
1396,Dice Mission,2,5,274,1,https://cdn3.philibertnet.com/722851-large_default/dice-mission.jpg
1397,Symbiose,2,4,215,1,https://cdn1.philibertnet.com/720543-large_default/symbiose.jpg
1398,Mixart,1,6,215,1,https://cdn1.philibertnet.com/665318-large_default/mixart.jpg
1399,Dédale,1,4,215,1,https://cdn1.philibertnet.com/623414-large_default/dedale.jpg
1401,Les Derniers Droïdes,1,4,107,1,https://bluecocker.com/wp-content/uploads/2025/02/LDD_Packaging_Left.png
1402,Clichés Criminels,2,6,107,1,https://cdn1.philibertnet.com/720520-large_default/cliches-criminels.jpg
1403,Hutan - La Vie dans la Forêt Tropicale,1,4,175,6,https://cdn2.philibertnet.com/697256-large_default/hutan-la-vie-dans-la-foret-tropicale.jpg
1404,Cascadia Rolling : Prairies,1,4,175,1,https://cdn1.philibertnet.com/688888-large_default/cascadia-rolling-prairies.jpg
1405,Raising Robots,1,6,175,6,https://cdn2.philibertnet.com/651329-large_default/raising-robots.jpg
1406,Wild Tiled West,1,5,175,6,https://cdn3.philibertnet.com/635495-large_default/wild-tiled-west.jpg
1407,Lueur - extension Aube,1,6,139,1,https://cdn1.philibertnet.com/606155-large_default/lueur-aube.jpg
1408,Maskmen,2,6,160,1,https://cdn2.philibertnet.com/721400-large_default/maskmen.jpg
1409,Windmill Valley,1,4,160,6,https://cdn3.philibertnet.com/631832-large_default/windmill-valley.jpg
1410,L'Ankou,2,6,340,1,https://www.coop-breizh.fr/46429-pd4_def/l-ankou-jeu-de-cartes.jpg
1411,Cthulhu Nightmare,2,6,340,2,https://www.coop-breizh.fr/46352-medium_default/cthulhu-nightmare-jeu-de-cartes.jpg
1412,Tic Tac Top,3,7,238,2,https://cdn3.philibertnet.com/701179-large_default/tic-tac-top.jpg
1413,Rise & Fall,2,4,279,6,https://cdn2.philibertnet.com/650932-large_default/rise-fall.jpg
1414,Transorient express,2,4,279,1,https://d3uixa1v7930vx.cloudfront.net/large_Transorient_Express_884d606caf.png
1415,Versailles Garden,2,4,279,1,https://www.myludo.fr/img/jeux/1733988749/300/cs/70239.png
1416,Ironwood,1,2,136,6,https://cdn3.philibertnet.com/685421-large_default/ironwood.jpg
1417,Premier de Cordée XL,2,2,283,1,https://cdn2.philibertnet.com/674551-large_default/premier-de-cordee-version-geante.jpg
1418,Opération Noisettes,1,4,283,4,https://cdn3.philibertnet.com/730543-large_default/operation-noisettes.jpg
1419,Ouisti'Plouf XL,2,4,283,4,https://cdn1.philibertnet.com/613489-large_default/ouisti-plouf.jpg
1420,Beyond the Horizon,2,4,136,3,https://cdn2.philibertnet.com/669268-large_default/beyond-the-horizon.jpg
1421,Happy Mochi,2,6,320,1,https://cdn2.philibertnet.com/724725-large_default/happy-mochi.jpg
1422,Happy Salmon,3,8,312,2,https://cdn3.philibertnet.com/697310-large_default/happy-salmon.jpg
1423,Le Bonhomme de Paille,2,4,319,4,https://cdn3.philibertnet.com/684465-large_default/le-bonhomme-de-paille.jpg
1425,Behind,1,10,239,6,https://cdn2.philibertnet.com/730540-large_default/behind.jpg
1426,Happy Little Dinosaurs,2,4,356,2,https://cdn2.philibertnet.com/556894-large_default/happy-little-dinosaurs.jpg
1427,Refuge,2,4,139,1,https://cdn3.philibertnet.com/672954-large_default/refuge.jpg
1428,Ink,1,4,395,1,https://www.ludum.fr/31780-large_default/ink.jpg
1429,Kelp,2,2,396,6,https://cdn2.philibertnet.com/696926-large_default/kelp.jpg
1430,Slapzi,2,8,397,2,https://cdn1.philibertnet.com/707474-large_default/slapzi.jpg
1431,Azul Duel,2,2,332,1,https://cdn3.philibertnet.com/680764-large_default/azul-duel.jpg
1432,Come Sail Away !,1,4,398,1,https://cdn2.philibertnet.com/733689-large_default/come-sail-away-.jpg
1433,Jungo,3,5,128,1,https://cdn1.philibertnet.com/696131-large_default/jungo.jpg
1434,Raptor Race,2,5,399,1,https://cdn2.philibertnet.com/734768-large_default/raptor-race.jpg
1435,L’Île des Mots Dits,2,10,153,2,https://www.lillojeux.ca/wp-content/uploads/2025/02/l-ile-des-mots-dits-jeu.webp
1436,Zenith,2,4,326,6,https://cdn2.philibertnet.com/706728-large_default/zenith.jpg
1437,Toy Battle,2,2,162,1,https://cdn3.philibertnet.com/716737-large_default/toy-battle.jpg
1438,Trekking the World,1,5,400,6,https://cdn.shopify.com/s/files/1/0008/7703/5638/files/ttw2-listing-01.jpg?v=1729009547&width=1800
1439,Krach'29,3,8,208,2,https://cdn2.philibertnet.com/651392-large_default/krach-29.jpg
1440,Mystria,2,2,208,6,https://cdn3.philibertnet.com/655972-large_default/mystria.jpg
1441,Naishi,2,2,402,1,https://cdn2.philibertnet.com/721236-large_default/naishi.jpg
1442,Monumental Duel,2,2,122,1,https://cdn2.philibertnet.com/621195-large_default/monumental-duel-espionnage.jpg
1443,101 - Le Match,1,3,403,1,https://www.espritjeu.com/upload/image/101--le-match-p-image-90105-grande.jpg
1444,Taïki,2,5,404,1,https://cdn1.philibertnet.com/726812-large_default/taiki.jpg
1445,Lolly Dogs,2,4,104,4,https://blueorangegames.eu/wp-content/uploads/2025/01/Boite-3D-LOLLY-DOGS-2-3.png
1446,Gangs of Kyoto,2,5,153,1,https://cdn1.philibertnet.com/653639-large_default/gangs-of-kyoto.jpg
1447,Quoridor Pac-Man,2,4,138,1,https://cdn1.philibertnet.com/633704-large_default/quoridor-pac-man.jpg
1448,Akropolis + Extension Athena,2,4,138,1,https://cdn1.philibertnet.com/638328-large_default/akropolis-athena.jpg
1449,Mesos,2,5,138,6,https://cdn3.philibertnet.com/682455-large_default/mesos.jpg
1450,Dorfromantik - Le Duel,2,2,138,1,https://cdn1.philibertnet.com/640649-large_default/dorfromantik-le-duel.jpg
1451,Le Gourdineur,3,8,405,2,https://cdn3.philibertnet.com/725213-large_default/le-gourdineur.jpg
1452,Oeuf pour oeuf,2,8,138,1,https://cdn3.philibertnet.com/709568-large_default/oeuf-pour-oeuf.jpg
1453,Dékal,2,6,138,2,https://cdn1.philibertnet.com/633092-large_default/dekal.jpg
1454,Cabanga,3,6,138,1,https://cdn3.philibertnet.com/640642-large_default/cabanga.jpg
1455,Rebelles Princesses,3,6,138,1,https://cdn2.philibertnet.com/633569-large_default/rebelles-princesses.jpg
1456,Once Upon a Draft,3,6,138,1,https://cdn2.philibertnet.com/645288-large_default/once-upon-a-draft.jpg
1457,Ile en Vue Moussaillons !,1,6,138,4,https://cdn3.philibertnet.com/655610-large_default/ile-en-vue-moussaillons-.jpg
1458,Lula Puzzle Odyssey ,1,1,138,4,https://cdn3.philibertnet.com/655967-large_default/puzzle-odyssey-lula.jpg
1459,CoDO Berlin 63,2,2,199,1,https://cdn3.philibertnet.com/701145-large_default/codo-berlin-63.jpg
1460,Sur les Traces de Marie Curie,2,4,199,1,https://cdn3.philibertnet.com/638208-large_default/sur-les-traces-de-marie-curie.jpg
1461,Sur les Traces de Darwin + Extension Correspondanc,2,5,199,1,https://cdn1.philibertnet.com/710441-large_default/sur-les-traces-de-darwin-extension-correspondances.jpg
1462,Bango,2,5,229,1,https://cdn2.philibertnet.com/701151-large_default/bango.jpg
1463,Leaders,2,2,223,1,https://cdn2.philibertnet.com/717605-large_default/leaders.jpg
1464,Dr Gribouille,2,5,223,2,https://cdn1.philibertnet.com/701169-large_default/dr-gribouille.jpg
1465,Nine,2,6,369,2,https://cdn1.philibertnet.com/636563-large_default/nine.jpg
1466,Smatchy Matchy,2,4,369,1,https://cdn.cultura.com/cdn-cgi/image/width=1200/media/pim/3437012521754_1.jpg
1467,For a Crown,3,5,162,1,https://cdn3.philibertnet.com/673254-large_default/for-a-crown.jpg
1468,Mythicals,2,2,162,1,https://cdn1.philibertnet.com/726690-large_default/mythicals.jpg
1469,Garden Rush (Faux),2,2,162,1,https://cdn3.philibertnet.com/733644-large_default/garden-rush.jpg
1470,The Shadow Theater - La Légende du Roi Singe (Faux,2,2,162,6,https://cdn2.philibertnet.com/697517-large_default/the-shadow-theater-la-legende-du-roi-singe.jpg
1471,The Shadow Theater - La Légende du Roi Singe,2,2,165,6,https://cdn2.philibertnet.com/697517-large_default/the-shadow-theater-la-legende-du-roi-singe.jpg
1472,Garden Rush,2,2,165,1,https://cdn3.philibertnet.com/733644-large_default/garden-rush.jpg
1473,Heat + extension Tunnel Vision,1,7,105,1,https://cdn2.philibertnet.com/707657-large_default/heat-tunnel-vision.jpg
1474,Agent Avenue,2,2,146,1,https://cdn2.philibertnet.com/701207-large_default/agent-avenue.jpg
1475,King of Tokyo Duel,2,2,146,1,https://cdn2.philibertnet.com/641396-large_default/king-of-tokyo-duel.jpg
1476,Qwirkle,2,4,146,1,https://cdn3.philibertnet.com/523847-large_default/qwirkle.jpg
1477,Spots ou Encore !,1,4,146,1,https://cdn1.philibertnet.com/617795-large_default/spots-ou-encore-.jpg
1478,The Gang,3,6,146,1,https://cdn3.philibertnet.com/693553-large_default/the-gang.jpg
1479,Marché Végé,2,6,146,1,https://cdn1.philibertnet.com/701202-large_default/marche-vege.jpg
1480,Popcorn,2,4,146,6,https://cdn2.philibertnet.com/702096-large_default/popcorn.jpg
1481,Piña Coladice,2,4,146,1,https://cdn1.philibertnet.com/611466-large_default/pina-coladice.jpg
1482,Joyeux Bazar,1,5,228,4,https://cdn1.philibertnet.com/725672-large_default/joyeux-bazar.jpg
1483,Les Eclairtout,1,5,228,4,https://cdn1.philibertnet.com/655969-large_default/les-eclairtout.jpg
1484,Polynimaux,1,4,228,4,https://cdn1.philibertnet.com/717363-large_default/polynimaux.jpg
1485,Pock,2,8,146,1,https://cdn1.philibertnet.com/726511-large_default/pock.jpg
1486,Top Ten Adventures,4,9,128,2,https://www.festivaldujeu-montpellier.org/wp-content/uploads/2025/04/Top_ten_aventures_dos_boite_3D-scaled.jpg
1487,Tangle,2,4,256,1,https://www.festivaldujeu-montpellier.org/wp-content/uploads/2017/03/cropped-Logo_carre.png
1488,Dobutsu,2,2,256,1,https://www.festivaldujeu-montpellier.org/wp-content/uploads/2017/03/cropped-Logo_carre.png
1489,Graal Quest,2,4,256,1,https://www.festivaldujeu-montpellier.org/wp-content/uploads/2017/03/cropped-Logo_carre.png
1490,Little Family - Jeu de cartes,2,4,133,4,https://cdn1.philibertnet.com/477661-large_default/little-family.jpg
1491,Sorcellerie !,1,1,177,6,https://cdn2.philibertnet.com/640652-large_default/sorcellerie-.jpg
1492,Spectacular,1,6,406,1,https://cdn3.philibertnet.com/681936-large_default/spectacular.jpg
1494,La Nuit des Fantômes (Faux),1,1,164,4,https://cdn1.philibertnet.com/501407-large_default/la-nuit-des-fantomes.jpg
1495,Pose Moutons,1,1,164,1,https://cdn1.philibertnet.com/735716-large_default/pose-moutons.jpg
1496,Rok Passe-Partout,1,1,164,1,https://cdn2.philibertnet.com/679474-large_default/rok-passe-partout.jpg
1497,Chute Libre,1,1,164,1,https://www.espritjeu.com/upload/image/chute-libre-p-image-97182-grande.jpg
1498,Genius Star,2,2,164,1,https://cdn3.philibertnet.com/595347-large_default/genius-star.jpg
1502,Animooz,2,5,369,4,https://cdn3.philibertnet.com/536966-large_default/animooz.jpg
1503,BLOT - extension Divinités Celtes,2,5,275,1,https://www.palladisgames.fr/wp-content/uploads/2025/02/blot-1.png
1504,All-Star Draft,2,6,275,1,https://cdn2.philibertnet.com/730386-large_default/all-star-draft.jpg
1505,Marajoara,1,4,136,6,https://cdn3.philibertnet.com/686756-large_default/marajoara.jpg
1506,Défis Nature - Monstres des Abysses,2,6,126,1,https://cdn2.philibertnet.com/715507-large_default/defis-nature-monstres-des-abysses.jpg
1507,Défis Nature - Capitales du Monde,2,6,126,1,https://cdn1.philibertnet.com/715499-large_default/defis-nature-capitales-du-monde.jpg
1508,Défis Nature - Constellations,2,6,126,1,https://cdn1.philibertnet.com/715503-large_default/defis-nature-constellations.jpg
1509,Défis Nature - Mythologie Japonaise,2,6,126,1,https://cdn1.philibertnet.com/715515-large_default/defis-nature-mythologie-japonaise.jpg
1510,Défis Nature - Mythologie Egyptienne,2,6,126,1,https://cdn1.philibertnet.com/715511-large_default/defis-nature-mythologie-egyptienne.jpg
1511,Il était une fois… Enigmes - Ces Drôles d'Objets,2,6,126,1,https://cdn2.philibertnet.com/715484-large_default/il-etait-une-fois-enigmes-ces-droles-d-objets.jpg
1512,Il était une fois… Enigmes - Corps humain,2,6,126,1,https://cdn1.philibertnet.com/715489-large_default/il-etait-une-fois-enigmes-corps-humain.jpg
1513,Improo,4,8,363,2,https://cdn1.philibertnet.com/729090-large_default/improo.jpg
1514,La Scopette,2,6,363,1,https://cdn2.philibertnet.com/729098-large_default/la-scopette.jpg
1515,Very Bad Lands - T-Rex,3,8,407,1,https://cdn1.philibertnet.com/656071-large_default/very-bad-lands-t-rex.jpg
1516,Littoral,1,5,407,1,https://cdn2.philibertnet.com/616608-large_default/littoral.jpg
1517,Mito,3,5,138,1,https://cdn3.philibertnet.com/377962-large_default/mito.jpg
1518,Kéblo,2,8,138,2,https://cdn3.philibertnet.com/509417-large_default/keblo.jpg
1519,Le poker des cafards,2,6,138,1,https://cdn3.philibertnet.com/377954-large_default/le-poker-des-cafards.jpg
1520,Salade de Cafards,2,6,138,2,https://cdn1.philibertnet.com/377958-large_default/salade-de-cafards.jpg
1521,Maudits Criquets,2,6,138,2,https://cdn1.philibertnet.com/575048-large_default/maudits-criquets.jpg
1522,Tilt,2,8,354,2,https://cdn2.philibertnet.com/743654-large_default/tilt.jpg
1523,This is my Spot,2,4,354,2,https://www.festivaldesjeux-cannes.com/media/2025/02/ab45615d-5d3e-47a8-afe7-ebc37265d93e.png
1524,Ætherscape,2,6,371,7,https://aetherscape.fr/wp-content/uploads/2024/12/scifi_cover.png
1525,Volution,2,5,408,7,https://cdn2.philibertnet.com/682137-large_default/volution.jpg
1526,Moonlight on Roseville Beach,3,6,415,7,https://www.legrog.org/visuels/gammes/3718.jpg
1527,Thirsty Sword Lesbians,4,6,415,7,https://cdn2.philibertnet.com/511349-large_default/thirsty-sword-lesbians.jpg
1529,Magie de Minuit,3,5,410,7,https://angeldust-jdr.com/wp-content/uploads/2024/01/carte_logo-230x350.webp
1530,Héros d'Argile,3,7,410,7,https://www.legrog.org/visuels/gammes/3544.jpg
1531,Arcana,2,5,410,7,https://arcanajdr.fr/wp-content/uploads/2024/02/423454373_1104470860581813_4008102511001653250_n-1.jpg
1532,Speed Bac Jaune,2,7,160,2,https://cdn1.philibertnet.com/721258-large_default/speed-bac-jaune.jpg
1533,Speed Bac Kids,2,7,160,2,https://cdn2.philibertnet.com/703985-large_default/speed-bac-kids.jpg
1534,Insectopia,0,0,411,7,https://cdn1.philibertnet.com/570339-large_default/insectopia-livre-de-base.jpg
1535,Omega,0,0,411,7,https://cdn3.philibertnet.com/545070-large_default/omega-livre-de-base.jpg
1536,Sapa inca,0,0,411,7,https://cdn2.philibertnet.com/617877-large_default/sapa-inca-livre-de-base.jpg
1537,Space Horror Stories,0,0,414,7,https://cdn2.philibertnet.com/610267-large_default/space-horror-stories.jpg
1538,Un Jour De Plus,0,0,414,7,https://black-book-editions.fr/contenu/users/11151/image/Couverture%201.jpg
1539,A 2 Pas,2,2,417,1,https://cdn2.philibertnet.com/724294-large_default/a-2-pas.jpg
1540,Pyramido Trésors Oubliés,2,4,313,1,https://cdn2.philibertnet.com/724134-large_default/pyramido-tresors-oublies.jpg
1541,Stick & Stack,2,7,155,2,https://cdn1.philibertnet.com/633077-large_default/stick-stack.jpg
1542,Happy DayZ – American Dream,2,5,155,1,https://cdn2.philibertnet.com/671037-large_default/happy-dayz-american-dream.jpg
1543,Happy DayZ – Woodstock Fever,2,5,155,1,https://cdn2.philibertnet.com/671036-large_default/happy-dayz-woodstock-fever.jpg
1544,Karak 2,2,5,418,1,https://cdn2.philibertnet.com/632985-large_default/karak-2.jpg
1545,Libération,1,4,384,1,https://forum.cwowd.com/uploads/default/original/3X/c/8/c8ee6bf4ff05a5e14d2339f93cc67678ae8ec374.jpeg
1546,Gosu X,2,2,199,6,https://cdn1.philibertnet.com/567836-large_default/gosu-x.jpg
1547,La Coincoinche,4,4,363,1,https://cdn2.philibertnet.com/633543-large_default/la-coincoinche.jpg
1548,Mind Map,4,10,229,2,https://cdn3.philibertnet.com/607218-large_default/mind-map.jpg
1549,15 Jours en France,2,6,419,1,https://cdn2.philibertnet.com/724592-large_default/15-jours-en-france.jpg
1550,Toko Maja,2,6,420,1,https://cdn1.philibertnet.com/633130-large_default/toko-maja.jpg
1552,Arschmallows,2,6,421,1,https://cdn1.philibertnet.com/729519-large_default/arschmallows.jpg
1553,Rébus Mix,4,10,321,2,https://cdn2.philibertnet.com/729559-large_default/rebus-mix.jpg
1554,Cartes à jouer Bicycle - Roi Lion,2,6,281,5,https://befr.bicyclecards.com/wp-content/uploads/sites/4/Bicycle-Lion-King-03.png
1555,Cartes à jouer Bicycle - RiderBack,2,6,281,5,https://media.auchan.fr/d616b11c-ac3f-4e8b-92b4-dbe8feafd458_1200x1200/B2CD/
1556,Flip Flap Flop,3,4,422,2,https://www.festivaldujeu-montpellier.org/wp-content/uploads/2017/03/cropped-Logo_carre.png